,mouse,session,unit_no,ch,stim_pair,nnID,A,B,tfA,tfB,eu,freq,temp,d
0,2022-02-11,21-16-17,7,1,"(('C', '-4'), ('H', '2'))",1,C_023460_semitone_-4,H_023460_semitone_2,0.055,0.065,40.63432813715035,-0.04044128130540579,-0.01352925811717954,39.034049952758814
1,2022-02-11,21-16-17,7,1,"(('A', '0'), ('F', '-6'))",1,F_098580_semitone_-6,A_098580_semitone_0,0.065,0.055,47.79046788521767,0.2531023123074676,-0.32169088251935823,37.06655729764215
2,2022-02-11,21-16-17,7,1,"(('B', '2'), ('D', '-4'))",1,D_051680_semitone_-4,B_051680_semitone_2,0.085,0.085,19.548787801851343,-0.050643109562867286,0.981045168730664,47.116610660595605
3,2022-02-11,21-16-17,7,1,"(('E', '-6'), ('G', '6'))",1,E_014310_semitone_-6,G_014310_semitone_6,0.035,0.035,52.38516398126167,-0.4061902752657381,0.8975204184088631,81.32778672626704
4,2022-02-11,21-16-17,19,7,"(('B', '2'), ('D', '-4'))",2,B_051680_semitone_2,D_051680_semitone_-4,0.115,0.095,19.548787801851343,-0.050643109562867286,0.981045168730664,47.116610660595605
5,2022-02-22,19-03-37,80,19,AI,3,A_015380,I_098960,0.055,0.065,39.77240280971456,0.33240581924388135,0.0015441427062249035,66.7403346640885
6,2022-02-22,19-03-37,80,19,BH,3,B_093840,H_023900,0.045,0.035,38.681939767427195,0.6625182916582808,-0.7127298819525231,40.379343886042484
7,2022-02-22,19-03-37,80,19,CG,3,C_110710,G_014740,0.095,0.055,40.56117533842282,0.49492127850167417,-0.7246507613816286,21.68451911643397
8,2022-02-22,21-54-16,106,19,"(('Y', '-6'), ('Z', '6'))",3,Y_098850_semitone_-6,Z_094200_semitone_6,0.045,0.005,53.99564572258347,-0.34716148242975314,-0.7173170730006431,143.22986238327
9,2022-02-22,19-03-37,85,23,AI,4,I_098960,A_015380,0.135,0.055,38.00228178674543,0.345759318861803,-0.2963989288170796,67.99750894953668
10,2022-02-22,19-03-37,85,23,BH,4,H_023900,B_093840,0.035,0.045,38.681939767427195,0.6625182916582808,-0.712729881952523,40.379343886042484
11,2022-02-22,19-03-37,85,23,CG,4,G_014740,C_110710,0.055,0.095,40.56117533842282,0.49492127850167417,-0.7246507613816288,21.68451911643397
12,2022-02-22,21-54-16,119,23,"(('Y', '-6'), ('Z', '6'))",4,Y_098850_semitone_-6,Z_094200_semitone_6,0.055,0.005,53.06350517599087,-0.3389794521126095,-0.4246489323956428,143.9498233589712
13,2022-02-22,21-54-16,119,23,"(('E', '-6'), ('F', '6'))",4,F_073660_semitone_6,E_009590_semitone_-6,0.065,0.095,52.31638223661176,-0.08096268129902635,0.11030385084566564,95.54580084081897
14,2022-02-22,19-03-37,6,3,AI,5,I_098960,A_015380,0.085,0.085,34.30221189264898,0.23940644914844658,0.3176739664439686,67.29198048624947
15,2022-02-22,19-03-37,6,3,BH,5,H_023900,B_093840,0.065,0.075,39.077456911066335,0.7104807359084199,-0.6166367405469749,2.0709458905563713
16,2022-02-22,21-54-16,33,6,"(('Y', '-6'), ('Z', '6'))",5,Y_098850_semitone_-6,Z_094200_semitone_6,0.125,0.085,48.37503307531571,-0.2243156651349414,-0.20958579851823406,86.7119703297926
17,2022-02-22,21-54-16,33,6,"(('J', '-6'), ('X', '6'))",5,J_094200_semitone_-6,X_090180_semitone_6,0.135,0.065,47.59833838656663,-0.36532492969742075,0.3769158271413408,108.22834356025184
18,2022-02-22,21-54-16,127,24,"(('Y', '-6'), ('Z', '6'))",6,Y_098850_semitone_-6,Z_094200_semitone_6,0.055,0.005,53.06350517599087,-0.3389794521126095,-0.4246489323956428,143.9498233589712
19,2022-02-22,21-54-16,127,24,"(('E', '-6'), ('F', '6'))",6,F_073660_semitone_6,E_009590_semitone_-6,0.055,0.085,53.91290518784768,-0.12288308598238128,-0.4598270595637321,116.06870054468709
20,2022-02-22,21-54-16,127,24,"(('J', '-6'), ('X', '6'))",6,J_094200_semitone_-6,X_090180_semitone_6,0.115,0.005,32.66044197960266,-0.16657736530778317,-0.38957534356251544,57.16331836795444
21,2022-03-04,17-21-03,25,16,BD,7,D_006070,B_111510,0.035,0.055,32.5440520528397,0.5868909586691335,-0.39178763607814204,9.396608183098877
22,2022-03-04,17-21-03,25,16,BE,7,E_073300,B_111510,0.045,0.055,42.182271439303,0.7412385073220755,-0.3189640023123686,10.3387963860722
23,2022-03-04,17-21-03,25,16,CE,7,E_073300,C_106740,0.045,0.105,46.45590356163764,0.2186237383844175,-0.29639568578008435,14.111239465742596
24,2022-03-04,19-41-03,25,16,"(('F', '3'), ('G', '-3'))",7,G_073300_semitone_-3,F_006070_semitone_3,0.055,0.055,50.99763846823107,0.058658608624737776,0.10311541978030095,62.550067656793516
25,2022-03-04,19-41-03,25,16,"(('A', '-2'), ('H', '2'))",7,H_073300_semitone_2,A_006070_semitone_-2,0.055,0.065,50.20416748228557,0.31833757829918147,-0.014955513339387164,24.343497730399243
26,2022-03-04,19-41-03,25,16,"(('A', '-2'), ('F', '3'))",7,F_006070_semitone_3,A_006070_semitone_-2,0.055,0.065,38.60996795876397,0.14733235313425178,0.7692682877304893,45.44817614814957
27,2022-03-04,19-41-03,25,16,"(('G', '-3'), ('H', '2'))",7,G_073300_semitone_-3,H_073300_semitone_2,0.055,0.055,57.86071584864166,0.14605355280021376,0.9272189243743922,40.72072017425575
28,2022-03-04,20-14-56,18,19,IN,7,N_008000,I_100690,0.055,0.035,33.18029979524544,0.8774038443369901,0.6155078201997691,10.428934534085869
29,2022-03-04,20-14-56,18,19,IO,7,O_006510,I_100690,0.085,0.035,28.522610988500347,0.8608781056447449,0.6756190066973651,11.302291313365313
30,2022-03-04,20-14-56,18,19,JM,7,J_098850,M_015380,0.045,0.065,38.94839723779778,0.45007635388135864,0.8468317352494915,65.24913102159132
31,2022-03-04,20-14-56,18,19,JY,7,Y_036610,J_098850,0.035,0.045,41.743470129535275,0.4434880845010327,0.29057878098661144,40.56912647254083
32,2022-03-04,20-14-56,18,19,JZ,7,J_098850,Z_073300,0.045,0.055,41.416794435524466,0.5835104249635938,-0.17754892187059015,57.23439237960055
33,2022-03-04,20-14-56,18,19,KY,7,Y_036610,K_008510,0.035,0.065,34.344881932420165,0.8229655028484939,0.07609228756857352,30.523333357542942
34,2022-03-04,20-14-56,18,19,LM,7,L_091580,M_015380,0.035,0.065,41.34045477646336,0.4272664321931508,0.3775335558593479,64.74616111864579
35,2022-03-04,20-14-56,18,19,LZ,7,L_091580,Z_073300,0.035,0.055,40.44081444337646,0.6200835440368846,-0.5453930793603463,56.704916442436286
36,2022-03-04,17-21-03,4,5,BD,8,D_006070,B_111510,0.045,0.115,33.84027819773002,0.5794342296495676,-0.6338641307829876,11.263335780747752
37,2022-03-04,17-21-03,4,5,BE,8,E_073300,B_111510,0.055,0.115,48.227762507635056,0.581380379272604,-0.25953809995227467,3.186781434747257
38,2022-03-04,17-21-03,4,5,CE,8,E_073300,C_106740,0.055,0.045,48.938799838885046,-0.00045384966162119575,-0.020464165739984604,25.419680949100332
39,2022-03-04,19-41-03,40,26,"(('F', '3'), ('G', '-3'))",8,G_073300_semitone_-3,F_006070_semitone_3,0.055,0.055,50.99763846823107,0.058658608624737776,0.10311541978030095,62.550067656793516
40,2022-03-04,19-41-03,40,26,"(('A', '-2'), ('H', '2'))",8,H_073300_semitone_2,A_006070_semitone_-2,0.055,0.065,50.20416748228557,0.31833757829918147,-0.014955513339387164,24.343497730399243
41,2022-03-04,19-41-03,40,26,"(('A', '-2'), ('F', '3'))",8,A_006070_semitone_-2,F_006070_semitone_3,0.065,0.055,38.60996795876397,0.14733235313425175,0.7692682877304893,45.44817614814957
42,2022-03-04,19-41-03,40,26,"(('G', '-3'), ('H', '2'))",8,H_073300_semitone_2,G_073300_semitone_-3,0.055,0.055,57.86071584864166,0.14605355280021376,0.9272189243743924,40.72072017425575
43,2022-03-04,20-14-56,35,26,IN,8,N_008000,I_100690,0.055,0.035,33.18029979524544,0.8774038443369901,0.6155078201997691,10.428934534085869
44,2022-03-04,20-14-56,35,26,IO,8,O_006510,I_100690,0.085,0.035,28.522610988500347,0.8608781056447449,0.6756190066973651,11.302291313365313
45,2022-03-04,20-14-56,35,26,JM,8,J_098850,M_015380,0.045,0.065,38.94839723779778,0.45007635388135864,0.8468317352494915,65.24913102159132
46,2022-03-04,20-14-56,35,26,JZ,8,J_098850,Z_073300,0.045,0.055,41.416794435524466,0.5835104249635938,-0.17754892187059015,57.23439237960055
47,2022-03-04,20-14-56,35,26,LM,8,L_091580,M_015380,0.035,0.065,41.34045477646336,0.4272664321931508,0.3775335558593479,64.74616111864579
48,2022-03-04,20-14-56,35,26,LZ,8,L_091580,Z_073300,0.035,0.055,40.44081444337646,0.6200835440368846,-0.5453930793603463,56.704916442436286
49,2022-03-04,17-21-03,46,23,BD,9,B_111510,D_006070,0.145,0.105,15.771179471341206,0.46338410441566397,0.7367092841777165,15.237047605392647
50,2022-03-04,17-21-03,46,23,BE,9,B_111510,E_073300,0.145,0.035,38.5150938363025,0.6042115896961008,-0.8259846233767573,4.14061626525141
51,2022-03-04,17-21-03,46,23,CE,9,C_106740,E_073300,0.115,0.035,38.100389593758145,0.24708668448660726,-0.23950798194666348,13.208806625444003
52,2022-03-04,19-41-03,40,26,"(('F', '3'), ('G', '-3'))",9,G_073300_semitone_-3,F_006070_semitone_3,0.055,0.055,50.99763846823107,0.058658608624737776,0.10311541978030095,62.550067656793516
53,2022-03-04,19-41-03,40,26,"(('A', '-2'), ('H', '2'))",9,H_073300_semitone_2,A_006070_semitone_-2,0.055,0.065,50.20416748228557,0.31833757829918147,-0.014955513339387164,24.343497730399243
54,2022-03-04,19-41-03,40,26,"(('A', '-2'), ('F', '3'))",9,A_006070_semitone_-2,F_006070_semitone_3,0.065,0.055,38.60996795876397,0.14733235313425175,0.7692682877304893,45.44817614814957
55,2022-03-04,19-41-03,40,26,"(('G', '-3'), ('H', '2'))",9,H_073300_semitone_2,G_073300_semitone_-3,0.055,0.055,57.86071584864166,0.14605355280021376,0.9272189243743924,40.72072017425575
56,2022-03-04,20-14-56,35,26,IN,9,N_008000,I_100690,0.055,0.035,33.18029979524544,0.8774038443369901,0.6155078201997691,10.428934534085869
57,2022-03-04,20-14-56,35,26,IO,9,O_006510,I_100690,0.085,0.035,28.522610988500347,0.8608781056447449,0.6756190066973651,11.302291313365313
58,2022-03-04,20-14-56,35,26,JM,9,J_098850,M_015380,0.045,0.065,38.94839723779778,0.45007635388135864,0.8468317352494915,65.24913102159132
59,2022-03-04,20-14-56,35,26,JY,9,Y_036610,J_098850,0.035,0.045,41.743470129535275,0.4434880845010327,0.29057878098661144,40.56912647254083
60,2022-03-04,20-14-56,35,26,JZ,9,J_098850,Z_073300,0.045,0.055,41.416794435524466,0.5835104249635938,-0.17754892187059015,57.23439237960055
61,2022-03-04,20-14-56,35,26,KY,9,Y_036610,K_008510,0.035,0.135,34.469612988010624,0.5087133362054452,0.32513875913972873,35.969761246817036
62,2022-03-04,20-14-56,35,26,LM,9,L_091580,M_015380,0.035,0.065,41.34045477646336,0.4272664321931508,0.3775335558593479,64.74616111864579
63,2022-03-04,20-14-56,35,26,LZ,9,L_091580,Z_073300,0.035,0.055,40.44081444337646,0.6200835440368846,-0.5453930793603463,56.704916442436286
64,2022-03-08,17-19-19,41,25,AG,10,G_011500,A_026430,0.095,0.045,35.997244309595345,0.7331536607496169,0.9424900076436502,23.413625982158838
65,2022-03-08,17-19-19,41,25,DG,10,D_000650,G_011500,0.065,0.095,37.76937555811054,0.7077098623674645,-0.21770004108875773,52.7094471091798
66,2022-03-08,17-19-19,41,25,KN,10,N_094200,K_073050,0.115,0.035,41.8779983033636,0.5242587275830357,-0.03366187713664234,27.431124176211522
67,2022-03-08,17-19-19,41,25,KR,10,K_073050,R_091720,0.035,0.035,40.86911907042823,0.7697279423324325,0.5986596732361114,11.546874788087626
68,2022-03-08,17-19-19,41,25,LO,10,O_012390,L_014280,0.035,0.035,40.12883703248934,0.8859601982130135,0.7003212283026471,14.884778983771682
69,2022-03-08,17-19-19,41,25,MQ,10,Q_045180,M_101650,0.075,0.115,38.54072689909165,0.43574309653056964,0.04472609071454559,46.881850738353926
70,2022-03-08,20-42-19,47,25,"(('B', '-6'), ('E', '0'))",10,B_012390_semitone_-6,E_014280_semitone_0,0.035,0.035,45.65050831181308,0.24276609378667915,0.8021301784378262,47.594803942849445
71,2022-03-08,20-42-19,47,25,"(('H', '-6'), ('Y', '2'))",10,H_045180_semitone_-6,Y_026430_semitone_2,0.075,0.045,36.706667082055915,-0.040762014298557754,-0.09193445123019445,82.08270110792913
72,2022-03-08,20-42-19,47,25,"(('F', '6'), ('X', '-4'))",10,X_014280_semitone_-4,F_014280_semitone_6,0.045,0.045,53.337877026840985,-0.06133228012946995,0.8737333424266951,67.50407503147123
73,2022-03-08,20-42-19,47,25,"(('C', '0'), ('Z', '-6'))",10,Z_000650_semitone_-6,C_012390_semitone_0,0.075,0.035,44.684279506510556,0.2526809723100802,-0.389627697250772,51.94012769919614
74,2022-03-08,20-42-19,47,25,"(('C', '0'), ('I', '-6'))",10,I_091720_semitone_-6,C_012390_semitone_0,0.055,0.035,40.729621406827704,0.5131036689807239,-0.06822672281035501,46.66036036201277
75,2022-03-08,20-42-19,47,25,"(('F', '6'), ('J', '-4'))",10,J_094200_semitone_-4,F_014280_semitone_6,0.105,0.045,55.2426523865765,-0.2299918573634739,-0.31880939287274074,58.4562342683285
76,2022-03-08,20-42-19,1,0,"(('B', '-6'), ('E', '0'))",11,B_012390_semitone_-6,E_014280_semitone_0,0.045,0.045,43.67363416486794,0.37936782681339704,0.5713879006364974,20.244257624463227
77,2022-03-08,20-42-19,1,0,"(('H', '-6'), ('Y', '2'))",11,Y_026430_semitone_2,H_045180_semitone_-6,0.065,0.075,30.800054814723186,0.03560780195780186,0.08130919275136364,44.61650987886727
78,2022-03-08,20-42-19,1,0,"(('F', '6'), ('X', '-4'))",11,X_014280_semitone_-4,F_014280_semitone_6,0.055,0.045,54.525650471374234,-0.21700355119064887,-0.49965795707753996,69.71746800643949
79,2022-03-08,20-42-19,1,0,"(('C', '0'), ('Z', '-6'))",11,C_012390_semitone_0,Z_000650_semitone_-6,0.045,0.085,48.2798712051027,0.23176715866217984,-0.7018502695232409,55.47526681736565
80,2022-03-08,20-42-19,1,0,"(('C', '0'), ('I', '-6'))",11,C_012390_semitone_0,I_091720_semitone_-6,0.045,0.055,42.71827056952747,0.46286913556324666,-0.7112946630009354,57.33306076494395
81,2022-03-08,20-42-19,1,0,"(('F', '6'), ('J', '-4'))",11,F_014280_semitone_6,J_094200_semitone_-4,0.045,0.055,56.783670899235325,-0.16458128681252762,-0.19082501602793756,53.97631887079466
82,2022-03-08,17-19-19,42,24,AG,12,G_011500,A_026430,0.045,0.045,44.226905768833774,0.5064006755493399,-0.9332080564722538,26.992028346507986
83,2022-03-08,17-19-19,42,24,DG,12,D_000650,G_011500,0.055,0.045,40.82024522498195,0.4819155856663694,-0.6829760119581876,65.30905566942008
84,2022-03-08,17-19-19,42,24,KN,12,N_094200,K_073050,0.045,0.065,42.4887280674112,0.6907621842448408,-0.4184922990411253,11.63965519583007
85,2022-03-08,17-19-19,42,24,KR,12,K_073050,R_091720,0.065,0.065,38.239443578299266,0.8114009396718133,-0.6230462799705547,40.437520250715224
86,2022-03-08,17-19-19,42,24,LO,12,O_012390,L_014280,0.055,0.095,46.13226741976128,0.5754950741993483,0.2580672910825424,17.854824355123913
87,2022-03-08,17-19-19,42,24,MQ,12,Q_045180,M_101650,0.045,0.045,40.63659386370284,0.4442175551451016,-0.07087851227529782,34.81336906598269
88,2022-03-11,20-19-27,11,7,DF,13,D_003760,F_023880,0.045,0.135,43.56531625416484,0.2678348250299488,-0.21299560377564683,12.57197167111152
89,2022-03-11,20-19-27,11,7,HJ,13,H_009840,J_073060,0.105,0.045,41.985090424509224,0.6263922726461352,-0.7786987022898196,58.243156473894125
90,2022-03-11,20-19-27,36,19,DF,14,F_023880,D_003760,0.055,0.045,37.69986865306903,0.5199974906021182,0.8374104864261865,8.66437205042195
91,2022-03-11,20-19-27,36,19,HJ,14,J_073060,H_009840,0.045,0.045,41.342297422158666,0.7758531111933283,0.5160195077324122,41.42733825869329
92,2022-03-11,21-06-17,35,19,"(('D', '-2'), ('F', '1'))",14,D_003760_semitone_-2,F_023880_semitone_1,0.045,0.045,33.28643548786342,0.582121228699193,0.7403685626987662,44.26262899406423
93,2022-03-11,21-06-17,35,19,"(('H', '1'), ('J', '-2'))",14,H_009840_semitone_1,J_073060_semitone_-2,0.055,0.045,45.65095683965906,0.3821665875643471,-0.5900944974127532,35.07085542232822
94,2022-03-11,21-47-32,35,16,"(('D', '-2'), ('F', '0'))",14,F_023880_semitone_0,D_003760_semitone_-2,0.055,0.045,28.759654644716516,0.7139114092305994,0.7341193966750096,3.3615451578952493
95,2022-03-11,21-47-32,35,16,"(('H', '2'), ('J', '-2'))",14,H_009840_semitone_2,J_073060_semitone_-2,0.055,0.045,47.5876431903145,0.2902752257838675,-0.6165920453667256,27.283574267597395
96,2022-03-11,20-19-27,46,23,DF,15,D_003760,F_023880,0.125,0.115,33.912887798998575,0.620691119302676,0.7156365382052873,40.89297026932393
97,2022-03-11,20-19-27,46,23,HJ,15,H_009840,J_073060,0.135,0.055,44.43637953675315,0.6566900451432073,-0.5808046142308069,61.715933436148646
98,2022-03-11,21-06-17,51,23,"(('D', '-2'), ('F', '1'))",15,D_003760_semitone_-2,F_023880_semitone_1,0.145,0.135,35.34305834118294,0.4278096604291264,0.7321384771539108,23.934219294485157
99,2022-03-11,21-06-17,51,23,"(('H', '1'), ('J', '-2'))",15,J_073060_semitone_-2,H_009840_semitone_1,0.105,0.065,39.58822388316586,0.3646353233337291,0.8623671340049188,28.385420101846638
100,2022-03-11,21-47-32,45,23,"(('D', '-2'), ('F', '0'))",15,D_003760_semitone_-2,F_023880_semitone_0,0.125,0.115,32.51182029012614,0.6073247951461107,0.6195690767448787,28.04642698097369
101,2022-03-11,21-47-32,45,23,"(('H', '2'), ('J', '-2'))",15,H_009840_semitone_2,J_073060_semitone_-2,0.065,0.055,45.962165417223964,0.3418661930181806,-0.7446107111350351,34.61566774651197
102,2022-03-25,20-32-52,7,14,"(('C', '-6'), ('D', '0'))",16,D_008870_semitone_0,C_080950_semitone_-6,0.095,0.065,11.066216778742028,-0.07703751253286162,0.7666832150017615,64.458876382118
103,2022-03-25,19-42-54,29,20,"(('A', '-4'), ('B', '0'))",17,B_011500_semitone_0,A_096570_semitone_-4,0.085,0.085,46.798444582909276,-0.04410650247769769,0.683444212459769,36.846150686988324
104,2022-03-25,20-32-52,25,20,"(('A', '0'), ('B', '-6'))",17,A_096570_semitone_0,B_011500_semitone_-6,0.075,0.035,39.62987174464982,0.36994824979359436,-0.6340431343650508,19.03399155519498
105,2022-03-25,20-32-52,25,20,"(('C', '-6'), ('D', '0'))",17,C_080950_semitone_-6,D_008870_semitone_0,0.035,0.065,22.416955111611042,-0.09000307853763471,0.7703583562716264,59.57624707027444
106,2022-03-25,19-42-54,6,11,"(('A', '-4'), ('B', '0'))",18,A_096570_semitone_-4,B_011500_semitone_0,0.085,0.095,46.798444582909276,-0.04410650247769769,0.6834442124597689,36.846150686988324
107,2022-03-25,19-42-54,6,11,"(('C', '-4'), ('D', '0'))",18,D_008870_semitone_0,C_080950_semitone_-4,0.075,0.075,12.248174989547042,-0.07728270307440295,0.8904962652531332,63.00602879253657
108,2022-03-25,20-32-52,5,11,"(('A', '0'), ('B', '-6'))",18,B_011500_semitone_-6,A_096570_semitone_0,0.045,0.075,38.3004463845757,0.4647429770639229,-0.46204916717998684,18.823172344521637
109,2022-03-25,20-32-52,5,11,"(('C', '-6'), ('D', '0'))",18,C_080950_semitone_-6,D_008870_semitone_0,0.045,0.075,16.427807208302017,-0.08244260044773598,0.3550307846986917,59.28716039682223
110,2022-04-27,21-58-28,25,12,"(('C', '-4'), ('I', '-6'))",19,C_087890_semitone_-4,I_018750_semitone_-6,0.065,0.065,18.365806236733142,0.41919210611814167,0.7210883550044073,53.466425001888695
111,2022-04-27,21-58-28,25,12,"(('H', '-3'), ('I', '-6'))",19,I_018750_semitone_-6,H_104560_semitone_-3,0.065,0.065,18.855353711958244,0.5049579725360845,0.9566841803058508,37.47784786871627
112,2022-04-27,21-58-28,64,24,"(('C', '-4'), ('I', '-6'))",20,C_087890_semitone_-4,I_018750_semitone_-6,0.065,0.055,18.539884501332363,0.5572374619396143,0.7322149979947034,49.22271405318156
113,2022-04-27,21-58-28,64,24,"(('H', '-3'), ('I', '-6'))",20,I_018750_semitone_-6,H_104560_semitone_-3,0.055,0.055,22.474701640888266,0.5583355399121931,0.9028275306305776,21.976682339859302
114,2022-04-27,21-58-28,35,12,"(('H', '-3'), ('I', '-6'))",21,H_104560_semitone_-3,I_018750_semitone_-6,0.075,0.085,16.301132459470132,0.37396803381731336,0.10884138977379156,28.846640827947002
115,2022-04-27,21-58-28,8,7,"(('C', '-4'), ('I', '-6'))",22,I_018750_semitone_-6,C_087890_semitone_-4,0.075,0.075,17.523548878499422,0.15201276741985106,0.7114611789443673,54.45588304911899
116,2022-04-27,21-58-28,8,7,"(('H', '-3'), ('I', '-6'))",22,H_104560_semitone_-3,I_018750_semitone_-6,0.075,0.075,16.19066702724594,0.47974525658268996,0.8876056946343788,36.37368864509181
117,2022-05-20,18-51-44,47,22,"(('A', '0'), ('D', '-2'))",23,D_067750_semitone_-2,A_009580_semitone_0,0.105,0.015,42.74802717072259,0.587921200605175,-0.9386862688885851,42.7951736071607
118,2022-05-20,18-51-44,47,22,"(('D', '-2'), ('D', '0'))",23,D_067750_semitone_-2,D_067750_semitone_0,0.105,0.025,39.78880507767963,0.6008470937079315,-0.8032787815050616,48.098594691536285
119,2022-05-20,18-51-44,47,22,"(('A', '-2'), ('D', '0'))",23,A_009580_semitone_-2,D_067750_semitone_0,0.095,0.025,42.51731779505651,0.3756401380719498,-0.8962223921502392,30.966870964377904
120,2022-05-20,19-57-01,25,9,AE,24,A_098600,E_003790,0.035,0.025,36.882331733334766,0.718782701411332,0.34243539299762393,24.521335567367505
121,2022-05-20,19-57-01,25,9,BD,24,B_091560,D_023480,0.115,0.115,43.53913886276657,0.44483476342555156,0.18145115452682975,25.3987885031223
122,2022-05-20,19-57-01,57,22,BD,25,D_023480,B_091560,0.105,0.105,43.53913886276657,0.44483476342555156,0.18145115452682972,25.3987885031223
123,2022-05-20,19-57-01,61,24,BD,26,D_023480,B_091560,0.105,0.035,39.206906031318276,0.5451566192071368,-0.6222045826802381,14.40679869544845
124,2022-06-01,17-25-22,30,7,JL,27,L_118400,J_091560,0.085,0.095,38.61202346487398,0.6844874287844654,0.10546275293133468,28.95270950931226
125,2022-06-01,19-20-10,40,10,"(('J', '0'), ('L', '-2'))",27,L_118400_semitone_-2,J_091560_semitone_0,0.085,0.075,43.32684793316231,0.3201028118642764,0.08968833267738298,24.372736441103093
126,2022-06-01,19-20-10,40,10,"(('I', '-2'), ('K', '1'))",27,K_093850_semitone_1,I_045160_semitone_-2,0.065,0.085,35.87526189373072,0.5057867444848694,0.3952612382850888,14.709853887570105
127,2022-06-01,17-25-22,63,13,IK,28,K_093850,I_045160,0.105,0.085,34.660181124681486,0.5514808795581876,0.6055614427340296,7.960464271734549
128,2022-06-20,21-46-19,112,29,"(('G', '0'), ('N', '-1'))",29,N_068420_semitone_-1,G_012380_semitone_0,0.075,0.055,43.21614003413106,0.6498688738644061,-0.4201680794899138,28.225972283654496
129,2022-06-20,21-46-19,112,29,"(('N', '0'), ('S', '2'))",29,S_093870_semitone_2,N_068420_semitone_0,0.085,0.065,26.215289385794147,0.8179391097539754,0.6298559734112988,37.10239759471917
130,2022-06-20,21-46-19,112,29,"(('G', '0'), ('L', '-2'))",29,G_012380_semitone_0,L_046220_semitone_-2,0.055,0.065,49.00874362423549,0.21598498316862744,0.5108062108644228,27.634410095487414
131,2022-07-01,18-45-33,60,17,"(('I', '-4'), ('O', '2'))",30,I_011250_semitone_-4,O_091570_semitone_2,0.095,0.095,42.57686798915502,0.312308432022909,0.22357655026518294,31.977249209575696
132,2022-07-01,18-45-33,60,17,"(('F', '-6'), ('R', '0'))",30,R_101810_semitone_0,F_005810_semitone_-6,0.075,0.085,44.013119857522746,0.4239762768197088,0.11757712934646773,18.436854112157697
133,2022-07-01,18-45-33,60,17,"(('Q', '-1'), ('R', '0'))",30,R_101810_semitone_0,Q_093840_semitone_-1,0.075,0.085,35.37702057288194,0.7040145264047516,0.32466681496183103,29.565286292878987
134,2022-07-01,18-45-33,60,17,"(('Q', '-6'), ('R', '1'))",30,R_101810_semitone_1,Q_093840_semitone_-6,0.115,0.065,39.31732735731747,0.2720702081363882,0.31832878639845535,55.13146634900894
135,2022-07-01,18-45-33,60,17,"(('Q', '-2'), ('R', '2'))",30,Q_093840_semitone_-2,R_101810_semitone_2,0.145,0.095,37.590840837164265,0.37876292075402085,0.7685368443694224,48.03033912489757
136,2022-07-01,18-45-33,60,17,"(('I', '-2'), ('O', '0'))",30,O_091570_semitone_0,I_011250_semitone_-2,0.085,0.115,45.10117825345783,0.25811257218444966,0.22655899557865303,14.711220466267019
137,2022-07-01,18-45-33,60,17,"(('I', '-6'), ('O', '2'))",30,I_011250_semitone_-6,O_091570_semitone_2,0.085,0.095,45.706665038521635,0.05052559456862275,0.24893559192272116,39.54316720306447
138,2022-07-01,20-58-11,54,17,"(('F', '-5'), ('I', '-2'))",30,I_011250_semitone_-2,F_005810_semitone_-5,0.145,0.085,21.02555946998284,0.6408197920037852,0.9043401391435593,11.282685870973982
139,2022-07-01,20-58-11,54,17,"(('I', '-6'), ('R', '0'))",30,R_101810_semitone_0,I_011250_semitone_-6,0.085,0.075,38.15763077084338,0.4703118746165461,0.3299644667497731,32.28699426021343
140,2022-07-01,20-58-11,54,17,"(('I', '-5'), ('R', '-5'))",30,R_101810_semitone_-5,I_011250_semitone_-5,0.045,0.075,33.136660939487506,0.5064414651259626,-0.34460256300397424,14.8181873029202
141,2022-07-01,20-58-11,54,17,"(('Q', '-6'), ('R', '2'))",30,Q_093840_semitone_-6,R_101810_semitone_2,0.065,0.075,41.326465130060484,0.2985506116664673,-0.34373991826205924,61.90234422011429
142,2022-07-01,20-58-11,54,17,"(('I', '-6'), ('R', '1'))",30,R_101810_semitone_1,I_011250_semitone_-6,0.095,0.075,37.363410882901306,0.3247164731143466,0.30523736221030007,38.15422310538461
143,2022-07-01,20-58-11,54,17,"(('Q', '-5'), ('R', '2'))",30,Q_093840_semitone_-5,R_101810_semitone_2,0.065,0.075,41.61469623940891,0.3059931431231701,-0.4881820751725981,59.56344421345322
144,2022-07-01,20-58-11,54,17,"(('I', '-5'), ('R', '2'))",30,I_011250_semitone_-5,R_101810_semitone_2,0.075,0.075,41.937674761360334,0.3623593586589314,-0.35985116682680585,40.78336884828776
145,2022-07-01,20-58-11,54,17,"(('I', '-4'), ('R', '0'))",30,I_011250_semitone_-4,R_101810_semitone_0,0.095,0.085,37.742065769859515,0.5040920589037189,0.2216492440183476,30.070327713782564
146,2022-07-01,18-45-33,94,29,"(('I', '-4'), ('O', '2'))",31,O_091570_semitone_2,I_011250_semitone_-4,0.075,0.085,43.56931983672093,0.26750482218312455,-0.524466904645095,21.022301102033676
147,2022-07-01,18-45-33,94,29,"(('F', '-6'), ('R', '0'))",31,F_005810_semitone_-6,R_101810_semitone_0,0.085,0.075,44.013119857522746,0.4239762768197088,0.11757712934646772,18.436854112157697
148,2022-07-01,18-45-33,94,29,"(('Q', '-1'), ('R', '0'))",31,R_101810_semitone_0,Q_093840_semitone_-1,0.075,0.085,35.37702057288194,0.7040145264047516,0.32466681496183103,29.565286292878987
149,2022-07-01,18-45-33,94,29,"(('Q', '-6'), ('R', '1'))",31,Q_093840_semitone_-6,R_101810_semitone_1,0.075,0.095,39.76759595815441,0.2523596031169272,0.25823726995574825,54.8148012142418
150,2022-07-01,18-45-33,94,29,"(('Q', '-2'), ('R', '2'))",31,Q_093840_semitone_-2,R_101810_semitone_2,0.075,0.065,38.589644686707,0.448976346035121,0.17044647376545302,26.113141843229425
151,2022-07-01,18-45-33,94,29,"(('I', '-6'), ('O', '2'))",31,O_091570_semitone_2,I_011250_semitone_-6,0.075,0.075,45.735700457135806,0.18843819489933072,-0.6187389203286979,25.214249085233046
152,2022-07-01,18-45-33,62,18,"(('Q', '-1'), ('R', '0'))",32,Q_093840_semitone_-1,R_101810_semitone_0,0.125,0.075,35.37702057288194,0.7040145264047515,0.32466681496183103,29.565286292878987
153,2022-07-01,18-45-33,62,18,"(('Q', '-2'), ('R', '2'))",32,Q_093840_semitone_-2,R_101810_semitone_2,0.095,0.005,42.43708500115318,0.3345593344904827,-0.37821171887844196,84.06588328616628
154,2022-07-01,20-58-11,55,18,"(('F', '-5'), ('I', '-2'))",32,F_005810_semitone_-5,I_011250_semitone_-2,0.095,0.005,39.368905424402534,0.08062823815642002,-0.8375257062128734,33.8276910514421
155,2022-07-01,20-58-11,55,18,"(('Q', '-5'), ('R', '2'))",32,Q_093840_semitone_-5,R_101810_semitone_2,0.095,0.015,47.52532186923546,-0.0050105685908712,-0.38803666236641865,96.96793468338657
156,2022-07-11,19-43-46,2,4,"(('D', '3'), ('F', '-3'))",33,F_103760_semitone_-3,D_082620_semitone_3,0.095,0.105,9.058551963648997,0.35774562727607795,-0.5139976239004815,16.988202846806608
157,2022-07-11,19-43-46,2,4,"(('E', '1'), ('F', '-3'))",33,F_103760_semitone_-3,E_089530_semitone_1,0.095,0.085,33.16281846382227,-0.0630899251796426,0.7151607778845278,43.392188232873096
158,2022-07-11,19-43-46,2,4,"(('A', '-1'), ('G', '2'))",33,A_092680_semitone_-1,G_108870_semitone_2,0.105,0.065,16.77225482598762,-0.05796354197259897,0.1265282637804204,42.48787454055444
159,2022-07-13,18-35-56,7,6,"(('C', '1'), ('F', '-6'))",34,F_034390_semitone_-6,C_017330_semitone_1,0.105,0.085,32.471215047075376,0.2797492965745873,0.8657385332437323,40.268068802233834
160,2022-07-19,20-20-05,21,5,AJ,35,A_020190,J_086740,0.095,0.105,2.7078873471525737,0.1007639075491433,0.8825022849991676,19.07479403254534
161,2022-07-19,20-20-05,21,5,BD,35,D_038140,B_026740,0.055,0.045,27.72380154028233,0.1271590002693624,0.8229269027546778,25.674450634969787
162,2022-07-19,20-20-05,21,5,FL,35,F_056900,L_102170,0.095,0.085,9.897409238523197,0.7819948706751937,0.9519557010746351,5.620162907009197
163,2022-07-19,20-20-05,21,5,FN,35,F_056900,N_108140,0.095,0.095,11.128534268569709,0.8198197186460224,0.9576118141584049,3.889027379400519
164,2022-07-27,17-52-54,7,5,"(('D', '5'), ('F', '-7'))",36,F_103860_semitone_-7,D_067160_semitone_5,0.035,0.035,34.61912985807861,-0.23351596965313465,0.8539324842958834,108.03090630096008
165,2022-07-27,17-52-54,7,5,"(('D', '-7'), ('F', '5'))",36,D_067160_semitone_-7,F_103860_semitone_5,0.035,0.055,31.283111694166454,-0.19588640710060876,0.23844340822909119,95.63734785699646
166,2022-08-04,19-57-12,9,8,"(('E', '0'), ('G', '0'))",37,G_023710_semitone_0,E_014310_semitone_0,0.085,0.095,35.94138878905207,0.6337677463044549,0.5200913563675205,64.69189152437612
167,2022-08-04,19-57-12,9,8,"(('D', '0'), ('O', '-6'))",37,D_012500_semitone_0,O_093320_semitone_-6,0.075,0.025,37.26735285561328,0.1282152678118741,-0.6738760957503174,32.318368167452796
168,2022-08-04,19-57-12,9,8,"(('K', '-6'), ('Q', '0'))",37,K_084620_semitone_-6,Q_102400_semitone_0,0.085,0.015,41.00184365996122,0.6398490887746738,-0.8679060746343269,39.25432465663884
169,2022-08-04,19-57-12,9,8,"(('D', '0'), ('O', '0'))",37,O_093320_semitone_0,D_012500_semitone_0,0.035,0.075,41.78297508254897,0.14644756449053553,0.32698801095757474,6.261185282671116
170,2022-08-04,19-57-12,9,8,"(('E', '-5'), ('G', '0'))",37,G_023710_semitone_0,E_014310_semitone_-5,0.085,0.025,40.11445807206692,0.012302415231521953,0.024574073025712028,14.512645442887726
171,2022-08-04,19-57-12,9,8,"(('K', '0'), ('Q', '0'))",37,K_084620_semitone_0,Q_102400_semitone_0,0.095,0.015,49.91276175066504,0.5142817065733174,-0.8351281614168311,5.106203607118997
172,2022-08-04,20-43-29,7,8,"(('B', '-1'), ('J', '-2'))",37,B_003880_semitone_-1,J_080050_semitone_-2,0.075,0.075,33.23969213125583,0.3036948171835135,0.24845605234592588,12.11240042128628
173,2022-08-04,20-43-29,7,8,"(('B', '-1'), ('J', '-6'))",37,J_080050_semitone_-6,B_003880_semitone_-1,0.065,0.075,35.96474626210212,-0.0756023215367949,0.4927050508177475,24.379272411339947
174,2022-08-04,20-43-29,7,8,"(('G', '0'), ('Q', '-6'))",37,G_023710_semitone_0,Q_102400_semitone_-6,0.085,0.065,41.140118573159356,-0.1577920761877469,0.5050623681371048,14.791718064590928
175,2022-08-04,20-43-29,7,8,"(('G', '0'), ('Q', '0'))",37,G_023710_semitone_0,Q_102400_semitone_0,0.085,0.075,35.70245287413123,0.3526162567187128,0.7720091284846602,42.91967247678074
176,2022-08-04,21-10-30,6,8,"(('K', '-5'), ('Q', '-1'))",37,K_084620_semitone_-5,Q_102400_semitone_-1,0.085,0.075,32.86630384046242,0.6124713766010824,0.6140796167720379,6.086652971328579
177,2022-08-04,21-10-30,6,8,"(('E', '-2'), ('G', '-3'))",37,G_023710_semitone_-3,E_014310_semitone_-2,0.085,0.035,37.689515177348326,0.26971551087564205,0.7404475612494776,26.112828727712955
178,2022-08-04,21-10-30,6,8,"(('K', '-4'), ('Q', '-2'))",37,K_084620_semitone_-4,Q_102400_semitone_-2,0.085,0.095,34.457234907884725,0.7345967203726909,0.42322604672769976,8.81110472550406
179,2022-08-04,21-38-15,7,8,"(('B', '-4'), ('J', '-3'))",37,B_003880_semitone_-4,J_080050_semitone_-3,0.065,0.145,23.426004980324603,0.7538672556086091,0.7191158580322562,6.790740050163388
180,2022-08-04,21-38-15,7,8,"(('G', '-2'), ('Q', '-4'))",37,Q_102400_semitone_-4,G_023710_semitone_-2,0.075,0.085,34.379855230393346,0.03139262465126302,0.778485477396465,29.21536533998481
181,2022-08-04,21-38-15,7,8,"(('B', '-2'), ('J', '-5'))",37,B_003880_semitone_-2,J_080050_semitone_-5,0.065,0.065,38.119229554437226,0.051831218781387925,0.07090409474398043,14.827780661471202
182,2022-08-04,21-38-15,7,8,"(('G', '-3'), ('Q', '-3'))",37,G_023710_semitone_-3,Q_102400_semitone_-3,0.095,0.005,34.10937911290872,0.3389088222675639,-0.7431975142616928,40.35481317066616
183,2022-08-04,19-57-12,10,9,"(('D', '0'), ('O', '-6'))",38,D_012500_semitone_0,O_093320_semitone_-6,0.085,0.095,34.8288924938632,0.039574652692925705,0.2470957990382688,18.012726466279997
184,2022-08-04,19-57-12,10,9,"(('K', '-6'), ('Q', '0'))",38,K_084620_semitone_-6,Q_102400_semitone_0,0.085,0.025,41.00184365996122,0.6398490887746738,-0.8679060746343269,39.25432465663884
185,2022-08-04,19-57-12,10,9,"(('D', '0'), ('O', '0'))",38,D_012500_semitone_0,O_093320_semitone_0,0.085,0.035,39.779768565000374,0.36497591851325484,0.14755112647065644,5.599099717581696
186,2022-08-04,19-57-12,10,9,"(('K', '0'), ('Q', '0'))",38,K_084620_semitone_0,Q_102400_semitone_0,0.105,0.025,49.91276175066504,0.5142817065733174,-0.8351281614168311,5.106203607118997
187,2022-08-04,20-43-29,8,9,"(('B', '-1'), ('J', '-2'))",38,B_003880_semitone_-1,J_080050_semitone_-2,0.075,0.075,33.23969213125583,0.3036948171835135,0.24845605234592588,12.11240042128628
188,2022-08-04,20-43-29,8,9,"(('B', '-1'), ('J', '-6'))",38,B_003880_semitone_-1,J_080050_semitone_-6,0.075,0.115,34.01646595539376,-0.06108022658981566,0.40525228182380596,28.532252127859795
189,2022-08-04,20-43-29,8,9,"(('G', '0'), ('Q', '-6'))",38,G_023710_semitone_0,Q_102400_semitone_-6,0.095,0.095,36.45084414487909,-0.16098598610439233,0.7820486874324971,17.62403238156712
190,2022-08-04,20-43-29,8,9,"(('G', '0'), ('Q', '0'))",38,G_023710_semitone_0,Q_102400_semitone_0,0.095,0.085,33.50649275445923,0.23741762007715347,0.8171243262796681,43.524078317706035
191,2022-08-04,21-10-30,7,9,"(('K', '-5'), ('Q', '-1'))",38,K_084620_semitone_-5,Q_102400_semitone_-1,0.095,0.125,31.016217496318802,0.6359952050475204,0.4690865967982347,7.695479134350981
192,2022-08-04,21-10-30,7,9,"(('E', '-4'), ('G', '-1'))",38,E_014310_semitone_-4,G_023710_semitone_-1,0.045,0.105,40.51555582372454,-0.11862225705355034,0.6952658027509641,25.173904643698886
193,2022-08-04,21-10-30,7,9,"(('E', '-3'), ('G', '-2'))",38,E_014310_semitone_-3,G_023710_semitone_-2,0.065,0.085,42.23589437611412,0.23166887604486505,-0.8560050003211319,37.30998112849742
194,2022-08-04,21-38-15,8,9,"(('G', '-2'), ('Q', '-4'))",38,Q_102400_semitone_-4,G_023710_semitone_-2,0.075,0.075,35.75333689325255,0.03990114480548946,0.737756642865791,34.07560733902313
195,2022-08-04,21-38-15,8,9,"(('B', '-3'), ('J', '-4'))",38,B_003880_semitone_-3,J_080050_semitone_-4,0.075,0.075,30.927715936080606,0.3399980165936275,0.40503545480268377,24.534965990353996
196,2022-08-04,21-38-15,8,9,"(('G', '-1'), ('Q', '-5'))",38,G_023710_semitone_-1,Q_102400_semitone_-5,0.115,0.095,32.84473503853895,-0.046393837928335166,0.9266776988751226,30.11827712645362
197,2022-08-04,19-57-12,13,10,"(('E', '0'), ('G', '0'))",39,E_014310_semitone_0,G_023710_semitone_0,0.095,0.085,35.94138878905207,0.6337677463044549,0.5200913563675205,64.69189152437612
198,2022-08-04,19-57-12,13,10,"(('D', '0'), ('O', '-6'))",39,O_093320_semitone_-6,D_012500_semitone_0,0.035,0.075,35.53711549489547,0.15926177330718036,0.06593599517310159,32.33314075252849
199,2022-08-04,19-57-12,13,10,"(('K', '-6'), ('Q', '0'))",39,K_084620_semitone_-6,Q_102400_semitone_0,0.085,0.075,40.505201596583994,0.4606754259424818,0.6653206568172743,18.756071605528426
200,2022-08-04,19-57-12,13,10,"(('D', '0'), ('O', '0'))",39,D_012500_semitone_0,O_093320_semitone_0,0.075,0.035,41.78297508254897,0.14644756449053553,0.32698801095757474,6.261185282671116
201,2022-08-04,19-57-12,13,10,"(('E', '-5'), ('G', '0'))",39,E_014310_semitone_-5,G_023710_semitone_0,0.025,0.085,40.11445807206692,0.012302415231521951,0.024574073025712025,14.512645442887726
202,2022-08-04,19-57-12,13,10,"(('K', '0'), ('Q', '0'))",39,Q_102400_semitone_0,K_084620_semitone_0,0.075,0.035,41.701537220339695,0.6636124572832659,-0.6706151035459043,18.906677928217448
203,2022-08-04,20-43-29,14,10,"(('B', '-1'), ('J', '-2'))",39,B_003880_semitone_-1,J_080050_semitone_-2,0.065,0.075,36.752907723529475,0.22435103199200013,0.5479278997313028,12.582020464899102
204,2022-08-04,20-43-29,14,10,"(('B', '-1'), ('J', '-6'))",39,B_003880_semitone_-1,J_080050_semitone_-6,0.065,0.075,38.23969478948252,-0.06635077991682169,0.5693544458774799,28.089461341256705
205,2022-08-04,20-43-29,14,10,"(('G', '0'), ('Q', '-6'))",39,Q_102400_semitone_-6,G_023710_semitone_0,0.065,0.085,41.140118573159356,-0.15779207618774688,0.5050623681371048,14.791718064590928
206,2022-08-04,20-43-29,14,10,"(('G', '0'), ('Q', '0'))",39,G_023710_semitone_0,Q_102400_semitone_0,0.085,0.075,35.70245287413123,0.3526162567187128,0.7720091284846602,42.91967247678074
207,2022-08-04,21-10-30,14,10,"(('K', '-5'), ('Q', '-1'))",39,K_084620_semitone_-5,Q_102400_semitone_-1,0.085,0.075,32.86630384046242,0.6124713766010824,0.6140796167720379,6.086652971328579
208,2022-08-04,21-10-30,14,10,"(('K', '-3'), ('Q', '-3'))",39,K_084620_semitone_-3,Q_102400_semitone_-3,0.105,0.075,38.76998931550841,0.5263457022354181,0.5621562910111231,19.958982972051196
209,2022-08-04,21-10-30,14,10,"(('E', '-4'), ('G', '-1'))",39,G_023710_semitone_-1,E_014310_semitone_-4,0.095,0.035,37.96613020535971,0.025539843334420834,0.699087911358295,24.90711915296047
210,2022-08-04,21-10-30,14,10,"(('E', '-2'), ('G', '-3'))",39,E_014310_semitone_-2,G_023710_semitone_-3,0.035,0.095,37.689515177348326,0.26971551087564205,0.7404475612494776,26.112828727712955
211,2022-08-04,21-10-30,14,10,"(('E', '-3'), ('G', '-2'))",39,E_014310_semitone_-3,G_023710_semitone_-2,0.035,0.085,37.21315161772926,0.1489518498920165,0.6008486568240103,24.736540058831118
212,2022-08-04,21-10-30,14,10,"(('K', '-4'), ('Q', '-2'))",39,K_084620_semitone_-4,Q_102400_semitone_-2,0.095,0.095,34.457234907884725,0.7345967203726909,0.42322604672769976,8.81110472550406
213,2022-08-04,21-38-15,14,10,"(('B', '-4'), ('J', '-3'))",39,B_003880_semitone_-4,J_080050_semitone_-3,0.055,0.075,23.234269265792356,0.7862859339829052,0.9607195799026078,5.083968956759309
214,2022-08-04,21-38-15,14,10,"(('G', '-2'), ('Q', '-4'))",39,G_023710_semitone_-2,Q_102400_semitone_-4,0.095,0.065,36.8030612710413,0.067389023636891,0.4665714092727039,24.486456828321412
215,2022-08-04,21-38-15,14,10,"(('B', '-2'), ('J', '-5'))",39,J_080050_semitone_-5,B_003880_semitone_-2,0.075,0.065,36.79725474021406,0.010177277191684018,0.5618951958791676,17.8548669973736
216,2022-08-04,21-38-15,14,10,"(('B', '-3'), ('J', '-4'))",39,J_080050_semitone_-4,B_003880_semitone_-3,0.075,0.075,30.927715936080606,0.3399980165936275,0.40503545480268377,24.534965990353996
217,2022-08-04,21-38-15,14,10,"(('G', '-1'), ('Q', '-5'))",39,Q_102400_semitone_-5,G_023710_semitone_-1,0.065,0.095,35.37435634658482,0.16551667259334862,0.5208600887813822,26.554680610651314
218,2022-08-04,21-38-15,14,10,"(('G', '-3'), ('Q', '-3'))",39,G_023710_semitone_-3,Q_102400_semitone_-3,0.085,0.075,30.485448306801253,0.3167364415054345,0.7804856084604209,31.085306982883157
219,2022-08-22,21-38-58,35,22,"(('A', '0'), ('B', '-6'))",40,B_023960_semitone_-6,A_023740_semitone_0,0.035,0.075,23.059565620767444,0.4259029781119464,0.41127625052960287,9.66519795669122
220,2022-08-22,21-38-58,35,22,"(('F', '-5'), ('G', '-3'))",40,G_093110_semitone_-3,F_084640_semitone_-5,0.085,0.075,38.95109934612909,0.23967634407273397,0.8186885072960352,27.234093839360522
221,2022-08-22,21-38-58,35,22,"(('A', '-2'), ('B', '-4'))",40,B_023960_semitone_-4,A_023740_semitone_-2,0.035,0.085,21.21682164061484,0.061167358253608764,0.8883773256674041,25.80094738128392
222,2022-08-22,21-38-58,35,22,"(('F', '-4'), ('G', '-3'))",40,G_093110_semitone_-3,F_084640_semitone_-4,0.085,0.085,35.668945104512794,0.204203732719195,0.8129041452318718,30.601724474456073
223,2022-08-22,21-38-58,13,6,"(('A', '0'), ('B', '-6'))",41,B_023960_semitone_-6,A_023740_semitone_0,0.045,0.045,31.723883641028383,0.26673097579864513,-0.4696112887774342,46.076555065628284
224,2022-08-22,21-38-58,13,6,"(('F', '-5'), ('G', '-3'))",41,G_093110_semitone_-3,F_084640_semitone_-5,0.105,0.105,36.15522137906938,0.08570455274033305,0.8349041671547814,26.388048640924367
225,2022-08-22,21-38-58,13,6,"(('A', '-2'), ('B', '-4'))",41,B_023960_semitone_-4,A_023740_semitone_-2,0.065,0.095,21.424265484507295,-0.09894522183402894,0.3976858772455946,26.26559746936827
226,2022-08-22,21-38-58,13,6,"(('F', '-4'), ('G', '-3'))",41,F_084640_semitone_-4,G_093110_semitone_-3,0.095,0.105,35.668945104512794,0.204203732719195,0.8129041452318719,30.601724474456073
227,2022-09-05,17-44-33,29,18,"(('C', '-5'), ('E', '4'))",42,C_029350_semitone_-5,E_099160_semitone_4,0.045,0.085,32.81069253969809,-0.05436104740837658,-0.5313569775733,64.02097753437083
228,2022-09-05,17-44-33,29,18,"(('A', '0'), ('C', '-5'))",42,C_029350_semitone_-5,A_009590_semitone_0,0.045,0.055,51.40887045274107,0.1395391193467185,-0.711062225742064,51.06541960452404
229,2022-09-05,18-25-26,29,18,"(('A', '0'), ('C', '0'))",42,A_009590_semitone_0,C_029350_semitone_0,0.075,0.065,43.08364381885559,0.05938115654409294,0.4765761022176283,32.60589400766304
230,2022-09-09,20-59-16,21,11,"(('A', '-5'), ('D', '0'))",43,A_026400_semitone_-5,D_093800_semitone_0,0.085,0.125,45.719393684451795,0.27511821713417217,0.06484404415146357,46.62459066147388
231,2022-09-09,20-59-16,21,11,"(('A', '-3'), ('D', '0'))",43,A_026400_semitone_-3,D_093800_semitone_0,0.085,0.125,42.9990520120558,0.4731165627359098,0.09916890699753063,22.665418670363334
232,2022-09-09,20-59-16,21,11,"(('A', '-6'), ('D', '0'))",43,A_026400_semitone_-6,D_093800_semitone_0,0.075,0.125,47.28654077382956,0.21951258741307214,0.09285023657314741,29.6547124736879
233,2022-09-09,20-59-16,21,11,"(('A', '0'), ('D', '0'))",43,A_026400_semitone_0,D_093800_semitone_0,0.095,0.125,41.971514757338106,0.6146372100749861,0.26894572924755583,26.645282796040576
234,2022-09-09,20-59-16,21,11,"(('E', '-3'), ('G', '0'))",43,E_096540_semitone_-3,G_101660_semitone_0,0.115,0.005,37.23832986792854,0.45790771974958866,-0.5477134227046881,28.444825522861162
235,2022-09-09,20-59-16,21,11,"(('A', '-4'), ('D', '0'))",43,A_026400_semitone_-4,D_093800_semitone_0,0.075,0.125,43.11941198317639,0.4541660754219447,0.09421144710313491,19.395833200677703
236,2022-09-09,20-59-16,21,11,"(('E', '-4'), ('G', '0'))",43,E_096540_semitone_-4,G_101660_semitone_0,0.105,0.005,39.31830839511418,0.24239659511005293,-0.3441798228648726,33.34535494252721
237,2022-09-09,20-59-16,1,4,"(('A', '-5'), ('D', '0'))",44,A_026400_semitone_-5,D_093800_semitone_0,0.095,0.135,45.719393684451795,0.27511821713417217,0.06484404415146357,46.62459066147388
238,2022-09-09,20-59-16,1,4,"(('A', '-3'), ('D', '0'))",44,A_026400_semitone_-3,D_093800_semitone_0,0.095,0.135,42.9990520120558,0.4731165627359098,0.09916890699753063,22.665418670363334
239,2022-09-09,20-59-16,1,4,"(('E', '0'), ('G', '0'))",44,E_096540_semitone_0,G_101660_semitone_0,0.125,0.005,28.875821540276963,0.8936930094507517,-0.5397427197293782,6.8448118119472605
240,2022-09-09,20-59-16,1,4,"(('A', '-6'), ('D', '0'))",44,A_026400_semitone_-6,D_093800_semitone_0,0.095,0.135,46.703873435432364,0.2272909398970219,0.0946214486817292,49.80397814684148
241,2022-09-09,20-59-16,1,4,"(('A', '0'), ('D', '0'))",44,A_026400_semitone_0,D_093800_semitone_0,0.115,0.135,41.971514757338106,0.6146372100749861,0.26894572924755583,26.645282796040576
242,2022-09-09,20-59-16,1,4,"(('A', '-4'), ('D', '0'))",44,A_026400_semitone_-4,D_093800_semitone_0,0.095,0.135,44.4046161521024,0.38621721129985204,0.029650783679284903,28.602090846198227
243,2022-09-09,20-59-16,22,10,"(('A', '-5'), ('D', '0'))",45,A_026400_semitone_-5,D_093800_semitone_0,0.085,0.135,45.719393684451795,0.27511821713417217,0.06484404415146357,46.62459066147388
244,2022-09-09,20-59-16,22,10,"(('A', '-3'), ('D', '0'))",45,A_026400_semitone_-3,D_093800_semitone_0,0.095,0.135,42.9990520120558,0.4731165627359098,0.09916890699753063,22.665418670363334
245,2022-09-09,20-59-16,22,10,"(('A', '-6'), ('D', '0'))",45,A_026400_semitone_-6,D_093800_semitone_0,0.085,0.135,46.703873435432364,0.2272909398970219,0.0946214486817292,49.80397814684148
246,2022-09-09,20-59-16,22,10,"(('A', '0'), ('D', '0'))",45,A_026400_semitone_0,D_093800_semitone_0,0.105,0.135,41.971514757338106,0.6146372100749861,0.26894572924755583,26.645282796040576
247,2022-09-09,20-59-16,22,10,"(('A', '-4'), ('D', '0'))",45,A_026400_semitone_-4,D_093800_semitone_0,0.095,0.135,44.4046161521024,0.38621721129985204,0.029650783679284903,28.602090846198227
248,2022-09-09,20-59-16,22,10,"(('E', '-4'), ('G', '0'))",45,E_096540_semitone_-4,G_101660_semitone_0,0.115,0.005,39.31830839511418,0.24239659511005293,-0.3441798228648726,33.34535494252721
249,2022-09-14,20-40-13,11,9,"(('B', '-5'), ('H', '0'))",46,B_008510_semitone_-5,H_079690_semitone_0,0.055,0.055,46.71523249804947,0.3435903856336398,-0.023392664369149645,15.502696189721684
250,2022-09-14,20-40-13,11,9,"(('A', '-6'), ('I', '2'))",46,A_004130_semitone_-6,I_080560_semitone_2,0.055,0.055,32.09377041862604,-0.15172973892870692,0.6150738012395904,48.37270080304556
251,2022-09-14,20-40-13,11,9,"(('A', '0'), ('I', '0'))",46,I_080560_semitone_0,A_004130_semitone_0,0.075,0.065,38.863786860630704,0.594124197671084,0.7916140821219836,15.013595602593384
252,2022-09-14,20-40-13,11,9,"(('A', '-4'), ('I', '0'))",46,I_080560_semitone_0,A_004130_semitone_-4,0.075,0.065,32.402319484962455,0.5258527986618456,0.9012488147244422,16.969757470139633
253,2022-09-14,20-40-13,11,9,"(('B', '-6'), ('H', '1'))",46,B_008510_semitone_-6,H_079690_semitone_1,0.045,0.075,40.955417754277576,0.33107385935925704,-0.531437369739944,15.854643568984342
254,2022-09-14,20-40-13,11,9,"(('B', '0'), ('N', '0'))",46,B_008510_semitone_0,N_115960_semitone_0,0.045,0.075,36.36165187597143,0.5811828967084874,0.4588523800168918,13.088753295805185
255,2022-09-14,20-40-13,11,9,"(('B', '-6'), ('N', '2'))",46,B_008510_semitone_-6,N_115960_semitone_2,0.045,0.065,38.208808363052874,-0.14293643660237523,0.38050784600080617,50.56183027030436
256,2022-09-14,20-40-13,11,9,"(('B', '-5'), ('N', '1'))",46,B_008510_semitone_-5,N_115960_semitone_1,0.055,0.075,38.373709431759515,-0.09773144369928051,-0.13347052972665382,29.282865128508732
257,2022-09-14,20-40-13,11,9,"(('B', '0'), ('H', '0'))",46,B_008510_semitone_0,H_079690_semitone_0,0.045,0.055,47.19552646239687,0.6474342263421159,-0.4895190370650363,40.27466661278848
258,2022-09-14,20-40-13,11,9,"(('A', '-5'), ('I', '1'))",46,I_080560_semitone_1,A_004130_semitone_-5,0.065,0.065,39.27286203999934,-0.018481465832638724,0.43336080934757804,35.156052760996275
259,2022-09-14,20-40-13,11,9,"(('B', '-4'), ('N', '0'))",46,B_008510_semitone_-4,N_115960_semitone_0,0.055,0.075,35.26564973862841,0.3112213665709696,-0.3906666507232927,13.096076657274436
260,2022-09-14,20-40-13,45,22,"(('B', '-5'), ('H', '0'))",47,H_079690_semitone_0,B_008510_semitone_-5,0.055,0.065,48.65336088885421,0.28158949534061917,0.44556648123778625,16.265823465320448
261,2022-09-14,20-40-13,45,22,"(('A', '-6'), ('I', '2'))",47,A_004130_semitone_-6,I_080560_semitone_2,0.065,0.055,34.621897054238886,-0.15199718275905363,0.16272318254262352,48.77470529084691
262,2022-09-14,20-40-13,45,22,"(('A', '0'), ('I', '0'))",47,I_080560_semitone_0,A_004130_semitone_0,0.065,0.065,38.79700161602977,0.6409450982580187,0.400323861204447,13.841053566883678
263,2022-09-14,20-40-13,45,22,"(('A', '-4'), ('I', '0'))",47,I_080560_semitone_0,A_004130_semitone_-4,0.065,0.065,34.73135608996083,0.5053855698208203,0.28433672560371037,18.72159707366484
264,2022-09-14,20-40-13,45,22,"(('B', '-6'), ('H', '1'))",47,H_079690_semitone_1,B_008510_semitone_-6,0.055,0.055,44.55733855601413,0.21396024875882091,-0.10341968931302632,19.92331946437309
265,2022-09-14,20-40-13,45,22,"(('B', '0'), ('N', '0'))",47,B_008510_semitone_0,N_115960_semitone_0,0.075,0.075,35.26130264502294,0.32405483014324277,-0.22654061879980059,29.000835742522824
266,2022-09-14,20-40-13,45,22,"(('B', '-6'), ('N', '2'))",47,N_115960_semitone_2,B_008510_semitone_-6,0.075,0.055,40.36483047874208,-0.16768354138466093,-0.327250930951878,42.5653342739219
267,2022-09-14,20-40-13,45,22,"(('B', '-5'), ('N', '1'))",47,N_115960_semitone_1,B_008510_semitone_-5,0.075,0.065,38.25332682894923,-0.0729704144811091,-0.6496764474279599,28.343955517844797
268,2022-09-14,20-40-13,45,22,"(('B', '0'), ('H', '0'))",47,B_008510_semitone_0,H_079690_semitone_0,0.075,0.055,39.39227553432909,0.6408189741101378,0.48936975755443096,56.35329488865063
269,2022-09-14,20-40-13,45,22,"(('A', '-5'), ('I', '1'))",47,I_080560_semitone_1,A_004130_semitone_-5,0.055,0.065,35.14190531136061,-0.1042062457671279,0.13382756201186263,33.67822262400598
270,2022-09-14,20-40-13,45,22,"(('B', '-4'), ('N', '0'))",47,N_115960_semitone_0,B_008510_semitone_-4,0.075,0.055,35.26564973862841,0.3112213665709696,-0.39066665072329265,13.096076657274436
271,2022-09-14,20-40-13,58,28,"(('B', '-5'), ('H', '0'))",48,B_008510_semitone_-5,H_079690_semitone_0,0.085,0.075,39.57267906601928,0.6000217536907426,0.6457064056997038,14.556627008374901
272,2022-09-14,20-40-13,58,28,"(('B', '-6'), ('H', '1'))",48,H_079690_semitone_1,B_008510_semitone_-6,0.065,0.055,41.37383778253143,0.30139576110048494,0.16726079194885404,9.476982306451141
273,2022-09-14,20-40-13,58,28,"(('B', '0'), ('N', '0'))",48,B_008510_semitone_0,N_115960_semitone_0,0.075,0.075,35.26130264502294,0.32405483014324277,-0.22654061879980059,29.000835742522824
274,2022-09-14,20-40-13,58,28,"(('B', '-6'), ('N', '2'))",48,N_115960_semitone_2,B_008510_semitone_-6,0.075,0.055,40.36483047874208,-0.16768354138466093,-0.327250930951878,42.5653342739219
275,2022-09-14,20-40-13,58,28,"(('B', '-5'), ('N', '1'))",48,B_008510_semitone_-5,N_115960_semitone_1,0.085,0.075,29.60670751798513,0.046784665980555765,-0.5237402592009124,17.583038985685775
276,2022-09-14,20-40-13,58,28,"(('B', '0'), ('H', '0'))",48,B_008510_semitone_0,H_079690_semitone_0,0.075,0.075,37.18285864951477,0.4929239781784285,0.8814173292561793,50.675388172818316
277,2022-09-14,20-40-13,58,28,"(('B', '-4'), ('N', '0'))",48,N_115960_semitone_0,B_008510_semitone_-4,0.075,0.105,27.009961979175678,0.5925434549040521,-0.16432683287338065,4.4713986826606265
278,2022-09-22,16-22-06,24,16,"(('A', '0'), ('O', '-6'))",49,A_001900_semitone_0,O_092850_semitone_-6,0.075,0.065,38.50223819288825,-0.1849186178156851,0.49170060811387206,40.756529385867154
279,2022-09-22,16-22-06,24,16,"(('K', '-5'), ('M', '1'))",49,M_084040_semitone_1,K_078100_semitone_-5,0.065,0.095,44.55533978698766,-0.15407633292982126,0.5199419836524776,44.14756545509064
280,2022-09-22,16-22-06,24,16,"(('A', '1'), ('O', '-6'))",49,A_001900_semitone_1,O_092850_semitone_-6,0.075,0.065,35.901558333169184,-0.12296740635351887,0.5559787696943038,48.90743903390714
281,2022-09-22,16-22-06,24,16,"(('K', '-4'), ('M', '-1'))",49,K_078100_semitone_-4,K_078100_semitone_-4,0.095,0.095,0.0,1.0,1.0,0.0
282,2022-09-22,16-22-06,24,16,"(('K', '-5'), ('M', '0'))",49,K_078100_semitone_-5,M_084040_semitone_0,0.095,0.065,45.12602921008102,-0.016853761233789746,0.6306154793001617,35.865447928403505
283,2022-09-22,17-36-17,24,16,"(('A', '2'), ('O', '-6'))",49,O_092850_semitone_-6,A_001900_semitone_2,0.065,0.075,35.635483831418846,-0.06934279679896467,0.647202665834827,57.25980009920768
284,2022-09-22,17-36-17,24,16,"(('A', '2'), ('O', '-5'))",49,A_001900_semitone_2,O_092850_semitone_-5,0.075,0.065,36.77284285941172,-0.14158233297737813,0.6512359606998384,63.51467030787108
285,2022-09-22,17-36-17,24,16,"(('K', '-6'), ('M', '1'))",49,M_084040_semitone_1,K_078100_semitone_-6,0.065,0.085,45.086971042154836,-0.20398798014176983,0.5294217779038792,50.64978248124828
286,2022-09-22,17-36-17,24,16,"(('A', '0'), ('O', '0'))",49,A_001900_semitone_0,O_092850_semitone_0,0.075,0.085,38.808762464966044,0.6008836722126059,0.38827291899829147,27.353031117517776
