,mouse,session,nnID,stim_pair,A,B,delay,delayB,delayA,dists
0,2022-02-11,21-16-17,1,"(('C', '-4'), ('H', '2'))",C_023460_semitone_-4,H_023460_semitone_2,10,10,0,48.10404507384429
1,2022-02-11,21-16-17,1,"(('A', '0'), ('F', '-6'))",F_098580_semitone_-6,A_098580_semitone_0,5,5,0,56.69196380422606
2,2022-02-11,21-16-17,1,"(('B', '2'), ('D', '-4'))",B_051680_semitone_2,D_051680_semitone_-4,0,0,0,17.67240687881426
3,2022-02-11,21-16-17,1,"(('E', '-6'), ('G', '6'))",G_014310_semitone_6,E_014310_semitone_-6,5,5,0,69.60383890786508
4,2022-02-11,21-16-17,2,"(('B', '2'), ('D', '-4'))",D_051680_semitone_-4,B_051680_semitone_2,5,5,0,17.680493015208306
5,2022-02-22,19-03-37,3,AI,A_015380,I_098960,20,20,0,46.466117878005704
6,2022-02-22,19-03-37,3,BH,B_093840,H_023900,-20,0,20,61.088336374318374
7,2022-02-22,19-03-37,3,CG,C_110710,G_014740,20,20,0,40.141919190433015
8,2022-02-22,21-54-16,3,"(('Y', '-6'), ('Z', '6'))",Z_094200_semitone_6,Y_098850_semitone_-6,20,20,0,72.16765533884127
9,2022-02-22,19-03-37,4,AI,A_015380,I_098960,0,0,0,49.272170866820844
10,2022-02-22,19-03-37,4,BH,B_093840,H_023900,-20,0,20,61.088336374318374
11,2022-02-22,19-03-37,4,CG,C_110710,G_014740,10,10,0,39.53997316682595
12,2022-02-22,21-54-16,4,"(('Y', '-6'), ('Z', '6'))",Z_094200_semitone_6,Y_098850_semitone_-6,-10,0,10,72.64335516217555
13,2022-02-22,21-54-16,4,"(('E', '-6'), ('F', '6'))",E_009590_semitone_-6,F_073660_semitone_6,-20,0,20,69.82948781430035
14,2022-02-22,19-03-37,5,AI,A_015380,I_098960,0,0,0,49.272170866820844
15,2022-02-22,19-03-37,5,BH,B_093840,H_023900,-20,0,20,61.088336374318374
16,2022-02-22,21-54-16,5,"(('Y', '-6'), ('Z', '6'))",Z_094200_semitone_6,Y_098850_semitone_-6,-20,0,20,72.59950335506677
17,2022-02-22,21-54-16,5,"(('J', '-6'), ('X', '6'))",X_090180_semitone_6,J_094200_semitone_-6,0,0,0,54.69024838838927
18,2022-02-22,21-54-16,6,"(('Y', '-6'), ('Z', '6'))",Z_094200_semitone_6,Y_098850_semitone_-6,0,0,0,72.62700046813552
19,2022-02-22,21-54-16,6,"(('E', '-6'), ('F', '6'))",E_009590_semitone_-6,F_073660_semitone_6,-20,0,20,69.82948781430035
20,2022-02-22,21-54-16,6,"(('J', '-6'), ('X', '6'))",X_090180_semitone_6,J_094200_semitone_-6,-20,0,20,54.71092641539333
21,2022-03-04,17-21-03,7,BD,B_111510,D_006070,0,0,0,27.031097310022822
22,2022-03-04,17-21-03,7,BE,B_111510,E_073300,-10,0,10,46.5513630304767
23,2022-03-04,17-21-03,7,CE,C_106740,E_073300,-10,0,10,49.28832969407536
24,2022-03-04,19-41-03,7,"(('F', '3'), ('G', '-3'))",F_006070_semitone_3,G_073300_semitone_-3,20,20,0,54.140758223830886
25,2022-03-04,19-41-03,7,"(('A', '-2'), ('H', '2'))",A_006070_semitone_-2,H_073300_semitone_2,-20,0,20,54.5361450754393
26,2022-03-04,19-41-03,7,"(('A', '-2'), ('F', '3'))",F_006070_semitone_3,A_006070_semitone_-2,10,10,0,42.98826383970055
27,2022-03-04,19-41-03,7,"(('G', '-3'), ('H', '2'))",G_073300_semitone_-3,H_073300_semitone_2,-20,0,20,59.92679506325643
28,2022-03-04,20-14-56,7,IN,I_100690,N_008000,-20,0,20,44.04006803723302
29,2022-03-04,20-14-56,7,IO,I_100690,O_006510,20,20,0,53.74686202436492
30,2022-03-04,20-14-56,7,JM,J_098850,M_015380,20,20,0,55.01008110069967
31,2022-03-04,20-14-56,7,JY,J_098850,Y_036610,-20,0,20,51.552275558529224
32,2022-03-04,20-14-56,7,JZ,J_098850,Z_073300,10,10,0,57.00304622398989
33,2022-03-04,20-14-56,7,KY,K_008510,Y_036610,-20,0,20,50.81929415187863
34,2022-03-04,20-14-56,7,LM,L_091580,M_015380,20,20,0,59.09334441354902
35,2022-03-04,20-14-56,7,LZ,L_091580,Z_073300,0,0,0,57.46823545538278
36,2022-03-04,17-21-03,8,BD,B_111510,D_006070,0,0,0,27.031097310022822
37,2022-03-04,17-21-03,8,BE,B_111510,E_073300,-20,0,20,47.10859732790963
38,2022-03-04,17-21-03,8,CE,C_106740,E_073300,10,10,0,49.326127980440674
39,2022-03-04,19-41-03,8,"(('F', '3'), ('G', '-3'))",F_006070_semitone_3,G_073300_semitone_-3,-20,0,20,47.10856836218221
40,2022-03-04,19-41-03,8,"(('A', '-2'), ('H', '2'))",A_006070_semitone_-2,H_073300_semitone_2,-20,0,20,54.5361450754393
41,2022-03-04,19-41-03,8,"(('A', '-2'), ('F', '3'))",F_006070_semitone_3,A_006070_semitone_-2,-10,0,10,40.361946137706454
42,2022-03-04,19-41-03,8,"(('G', '-3'), ('H', '2'))",G_073300_semitone_-3,H_073300_semitone_2,-20,0,20,59.92679506325643
43,2022-03-04,20-14-56,8,IN,I_100690,N_008000,-20,0,20,44.04006803723302
44,2022-03-04,20-14-56,8,IO,I_100690,O_006510,0,0,0,53.31969002918208
45,2022-03-04,20-14-56,8,JM,J_098850,M_015380,-10,0,10,52.122941727483344
46,2022-03-04,20-14-56,8,JZ,J_098850,Z_073300,10,10,0,57.00304622398989
47,2022-03-04,20-14-56,8,LM,L_091580,M_015380,0,0,0,59.22070526099043
48,2022-03-04,20-14-56,8,LZ,L_091580,Z_073300,-10,0,10,59.45148092242897
49,2022-03-04,17-21-03,9,BD,B_111510,D_006070,-20,0,20,30.754488174175446
50,2022-03-04,17-21-03,9,BE,B_111510,E_073300,-20,0,20,47.10859732790963
51,2022-03-04,17-21-03,9,CE,C_106740,E_073300,-20,0,20,49.34726488698283
52,2022-03-04,19-41-03,9,"(('F', '3'), ('G', '-3'))",F_006070_semitone_3,G_073300_semitone_-3,-20,0,20,47.10856836218221
53,2022-03-04,19-41-03,9,"(('A', '-2'), ('H', '2'))",A_006070_semitone_-2,H_073300_semitone_2,-20,0,20,54.5361450754393
54,2022-03-04,19-41-03,9,"(('A', '-2'), ('F', '3'))",F_006070_semitone_3,A_006070_semitone_-2,-10,0,10,40.361946137706454
55,2022-03-04,19-41-03,9,"(('G', '-3'), ('H', '2'))",G_073300_semitone_-3,H_073300_semitone_2,-20,0,20,59.92679506325643
56,2022-03-04,20-14-56,9,IN,I_100690,N_008000,-20,0,20,44.04006803723302
57,2022-03-04,20-14-56,9,IO,I_100690,O_006510,0,0,0,53.31969002918208
58,2022-03-04,20-14-56,9,JM,J_098850,M_015380,-10,0,10,52.122941727483344
59,2022-03-04,20-14-56,9,JY,J_098850,Y_036610,-20,0,20,51.552275558529224
60,2022-03-04,20-14-56,9,JZ,J_098850,Z_073300,10,10,0,57.00304622398989
61,2022-03-04,20-14-56,9,KY,K_008510,Y_036610,0,0,0,49.74094570084365
62,2022-03-04,20-14-56,9,LM,L_091580,M_015380,0,0,0,59.22070526099043
63,2022-03-04,20-14-56,9,LZ,L_091580,Z_073300,-10,0,10,59.45148092242897
64,2022-03-08,17-19-19,10,AG,A_026430,G_011500,20,20,0,66.87386698923889
65,2022-03-08,17-19-19,10,DG,D_000650,G_011500,20,20,0,59.64691638161821
66,2022-03-08,17-19-19,10,KN,K_073050,N_094200,-20,0,20,58.36049771355921
67,2022-03-08,17-19-19,10,KR,K_073050,R_091720,20,20,0,49.730450447744595
68,2022-03-08,17-19-19,10,LO,L_014280,O_012390,0,0,0,62.72160126990634
69,2022-03-08,17-19-19,10,MQ,M_101650,Q_045180,0,0,0,54.95206033646719
70,2022-03-08,20-42-19,10,"(('B', '-6'), ('E', '0'))",E_014280_semitone_0,B_012390_semitone_-6,0,0,0,58.50297488096605
71,2022-03-08,20-42-19,10,"(('H', '-6'), ('Y', '2'))",Y_026430_semitone_2,H_045180_semitone_-6,10,10,0,50.761087429195875
72,2022-03-08,20-42-19,10,"(('F', '6'), ('X', '-4'))",F_014280_semitone_6,X_014280_semitone_-4,-10,0,10,74.9170707126975
73,2022-03-08,20-42-19,10,"(('C', '0'), ('Z', '-6'))",Z_000650_semitone_-6,C_012390_semitone_0,20,20,0,59.73298446977144
74,2022-03-08,20-42-19,10,"(('C', '0'), ('I', '-6'))",I_091720_semitone_-6,C_012390_semitone_0,0,0,0,55.60730532294499
75,2022-03-08,20-42-19,10,"(('F', '6'), ('J', '-4'))",J_094200_semitone_-4,F_014280_semitone_6,-10,0,10,75.26778734318839
76,2022-03-08,20-42-19,11,"(('B', '-6'), ('E', '0'))",E_014280_semitone_0,B_012390_semitone_-6,0,0,0,58.50297488096605
77,2022-03-08,20-42-19,11,"(('H', '-6'), ('Y', '2'))",Y_026430_semitone_2,H_045180_semitone_-6,-20,0,20,50.075994256654354
78,2022-03-08,20-42-19,11,"(('F', '6'), ('X', '-4'))",F_014280_semitone_6,X_014280_semitone_-4,-20,0,20,76.09182039031347
79,2022-03-08,20-42-19,11,"(('C', '0'), ('Z', '-6'))",Z_000650_semitone_-6,C_012390_semitone_0,10,10,0,59.22491426812856
80,2022-03-08,20-42-19,11,"(('C', '0'), ('I', '-6'))",I_091720_semitone_-6,C_012390_semitone_0,-20,0,20,57.160389373542095
81,2022-03-08,20-42-19,11,"(('F', '6'), ('J', '-4'))",J_094200_semitone_-4,F_014280_semitone_6,-10,0,10,75.26778734318839
82,2022-03-08,17-19-19,12,AG,A_026430,G_011500,10,10,0,65.40642009487406
83,2022-03-08,17-19-19,12,DG,D_000650,G_011500,-10,0,10,50.205250778152475
84,2022-03-08,17-19-19,12,KN,K_073050,N_094200,10,10,0,57.06445584654818
85,2022-03-08,17-19-19,12,KR,K_073050,R_091720,10,10,0,51.758094878951624
86,2022-03-08,17-19-19,12,LO,L_014280,O_012390,10,10,0,62.47374028361618
87,2022-03-08,17-19-19,12,MQ,M_101650,Q_045180,20,20,0,53.756151638881654
88,2022-03-11,20-19-27,13,DF,D_003760,F_023880,-20,0,20,57.91752086810786
89,2022-03-11,20-19-27,13,HJ,H_009840,J_073060,-20,0,20,50.11716420734694
90,2022-03-11,20-19-27,14,DF,D_003760,F_023880,-10,0,10,56.40465164825041
91,2022-03-11,20-19-27,14,HJ,H_009840,J_073060,0,0,0,52.644751816316365
92,2022-03-11,21-06-17,14,"(('D', '-2'), ('F', '1'))",D_003760_semitone_-2,F_023880_semitone_1,20,20,0,53.071926072506855
93,2022-03-11,21-06-17,14,"(('H', '1'), ('J', '-2'))",H_009840_semitone_1,J_073060_semitone_-2,-20,0,20,54.80736825087408
94,2022-03-11,21-47-32,14,"(('D', '-2'), ('F', '0'))",D_003760_semitone_-2,F_023880_semitone_0,-20,0,20,43.3634072427689
95,2022-03-11,21-47-32,14,"(('H', '2'), ('J', '-2'))",H_009840_semitone_2,J_073060_semitone_-2,-20,0,20,58.60151351063021
96,2022-03-11,20-19-27,15,DF,D_003760,F_023880,0,0,0,56.04832192642124
97,2022-03-11,20-19-27,15,HJ,H_009840,J_073060,-10,0,10,50.91382220374224
98,2022-03-11,21-06-17,15,"(('D', '-2'), ('F', '1'))",D_003760_semitone_-2,F_023880_semitone_1,-20,0,20,43.83466876000652
99,2022-03-11,21-06-17,15,"(('H', '1'), ('J', '-2'))",H_009840_semitone_1,J_073060_semitone_-2,-10,0,10,55.09867673938561
100,2022-03-11,21-47-32,15,"(('D', '-2'), ('F', '0'))",D_003760_semitone_-2,F_023880_semitone_0,-20,0,20,43.3634072427689
101,2022-03-11,21-47-32,15,"(('H', '2'), ('J', '-2'))",H_009840_semitone_2,J_073060_semitone_-2,20,20,0,62.867964347837855
102,2022-03-25,20-32-52,16,"(('C', '-6'), ('D', '0'))",C_080950_semitone_-6,D_008870_semitone_0,20,20,0,38.80191958926787
103,2022-03-25,19-42-54,17,"(('A', '-4'), ('B', '0'))",A_096570_semitone_-4,B_011500_semitone_0,-20,0,20,65.0296168389457
104,2022-03-25,20-32-52,17,"(('A', '0'), ('B', '-6'))",A_096570_semitone_0,B_011500_semitone_-6,0,0,0,54.972491320228315
105,2022-03-25,20-32-52,17,"(('C', '-6'), ('D', '0'))",C_080950_semitone_-6,D_008870_semitone_0,-10,0,10,38.82943139465549
106,2022-03-25,19-42-54,18,"(('A', '-4'), ('B', '0'))",A_096570_semitone_-4,B_011500_semitone_0,0,0,0,62.934867341184244
107,2022-03-25,19-42-54,18,"(('C', '-4'), ('D', '0'))",C_080950_semitone_-4,D_008870_semitone_0,10,10,0,39.20573911050993
108,2022-03-25,20-32-52,18,"(('A', '0'), ('B', '-6'))",A_096570_semitone_0,B_011500_semitone_-6,0,0,0,54.972491320228315
109,2022-03-25,20-32-52,18,"(('C', '-6'), ('D', '0'))",C_080950_semitone_-6,D_008870_semitone_0,-20,0,20,38.82872727491478
110,2022-04-27,21-58-28,19,"(('C', '-4'), ('I', '-6'))",C_087890_semitone_-4,I_018750_semitone_-6,20,20,0,23.251735358646208
111,2022-04-27,21-58-28,19,"(('H', '-3'), ('I', '-6'))",H_104560_semitone_-3,I_018750_semitone_-6,10,10,0,26.63824266405276
112,2022-04-27,22-14-47,19,"(('G', '-4'), ('I', '-6'))",G_101800_semitone_-4,I_018750_semitone_-6,20,20,0,46.253461270021035
113,2022-04-27,21-58-28,20,"(('C', '-4'), ('I', '-6'))",C_087890_semitone_-4,I_018750_semitone_-6,0,0,0,22.776528728159175
114,2022-04-27,21-58-28,20,"(('H', '-3'), ('I', '-6'))",H_104560_semitone_-3,I_018750_semitone_-6,20,20,0,26.930174773328694
115,2022-04-27,22-14-47,20,"(('G', '-4'), ('I', '-6'))",G_101800_semitone_-4,I_018750_semitone_-6,-20,0,20,44.1256157997614
116,2022-04-27,22-14-47,20,"(('C', '0'), ('H', '-3'))",C_087890_semitone_0,H_104560_semitone_-3,-20,0,20,32.02612471724191
117,2022-04-27,21-58-28,21,"(('H', '-3'), ('I', '-6'))",H_104560_semitone_-3,I_018750_semitone_-6,20,20,0,26.930174773328694
118,2022-04-27,21-58-28,22,"(('C', '-4'), ('I', '-6'))",C_087890_semitone_-4,I_018750_semitone_-6,0,0,0,22.776528728159175
119,2022-04-27,21-58-28,22,"(('H', '-3'), ('I', '-6'))",H_104560_semitone_-3,I_018750_semitone_-6,10,10,0,26.63824266405276
120,2022-04-27,22-14-47,22,"(('G', '-4'), ('I', '-6'))",G_101800_semitone_-4,I_018750_semitone_-6,20,20,0,46.253461270021035
121,2022-04-27,22-14-47,22,"(('C', '0'), ('H', '-3'))",C_087890_semitone_0,H_104560_semitone_-3,20,20,0,31.686485171676047
122,2022-05-20,18-51-44,23,"(('A', '0'), ('D', '-2'))",D_067750_semitone_-2,A_009580_semitone_0,10,10,0,51.71503587695497
123,2022-05-20,18-51-44,23,"(('D', '-2'), ('D', '0'))",D_067750_semitone_-2,D_067750_semitone_0,10,10,0,48.56322363549436
124,2022-05-20,18-51-44,23,"(('A', '-2'), ('D', '0'))",A_009580_semitone_-2,D_067750_semitone_0,-10,0,10,57.52469039816464
125,2022-05-20,19-57-01,24,AE,A_098600,E_003790,10,10,0,44.93315837860002
126,2022-05-20,19-57-01,24,BD,B_091560,D_023480,0,0,0,55.780047777200416
127,2022-05-20,19-57-01,25,BD,B_091560,D_023480,20,20,0,53.18105319456706
128,2022-05-20,19-57-01,26,BD,B_091560,D_023480,20,20,0,53.18105319456706
129,2022-06-01,17-25-22,27,JL,J_091560,L_118400,-20,0,20,46.58271268257222
130,2022-06-01,19-20-10,27,"(('J', '0'), ('L', '-2'))",J_091560_semitone_0,L_118400_semitone_-2,-10,0,10,53.20395868549477
131,2022-06-01,19-20-10,27,"(('I', '-2'), ('K', '1'))",I_045160_semitone_-2,K_093850_semitone_1,-20,0,20,53.33915496505691
132,2022-06-01,17-25-22,28,IK,I_045160,K_093850,-20,0,20,56.64271665231055
133,2022-06-20,21-46-19,29,"(('G', '0'), ('N', '-1'))",N_068420_semitone_-1,G_012380_semitone_0,-20,0,20,57.67919572704415
134,2022-06-20,21-46-19,29,"(('N', '0'), ('S', '2'))",S_093870_semitone_2,N_068420_semitone_0,-20,0,20,45.697843985333186
135,2022-06-20,21-46-19,29,"(('G', '0'), ('L', '-2'))",L_046220_semitone_-2,G_012380_semitone_0,-10,0,10,63.91078992826579
136,2022-07-01,18-45-33,30,"(('I', '-4'), ('O', '2'))",I_011250_semitone_-4,O_091570_semitone_2,10,10,0,59.54299144757146
137,2022-07-01,18-45-33,30,"(('F', '-6'), ('R', '0'))",F_005810_semitone_-6,R_101810_semitone_0,-10,0,10,61.80206165746542
138,2022-07-01,18-45-33,30,"(('Q', '-1'), ('R', '0'))",Q_093840_semitone_-1,R_101810_semitone_0,0,0,0,48.31293386630548
139,2022-07-01,18-45-33,30,"(('Q', '-6'), ('R', '1'))",Q_093840_semitone_-6,R_101810_semitone_1,20,20,0,59.094401156516234
140,2022-07-01,18-45-33,30,"(('Q', '-2'), ('R', '2'))",Q_093840_semitone_-2,R_101810_semitone_2,0,0,0,56.93298250122472
141,2022-07-01,18-45-33,30,"(('I', '-2'), ('O', '0'))",I_011250_semitone_-2,O_091570_semitone_0,20,20,0,57.57577470074041
142,2022-07-01,18-45-33,30,"(('I', '-6'), ('O', '2'))",I_011250_semitone_-6,O_091570_semitone_2,20,20,0,62.56738132371914
143,2022-07-01,20-58-11,30,"(('F', '-5'), ('I', '-2'))",F_005810_semitone_-5,I_011250_semitone_-2,-20,0,20,47.69827112847313
144,2022-07-01,20-58-11,30,"(('I', '-6'), ('R', '0'))",I_011250_semitone_-6,R_101810_semitone_0,0,0,0,62.34527433222235
145,2022-07-01,20-58-11,30,"(('I', '-5'), ('R', '-5'))",R_101810_semitone_-5,I_011250_semitone_-5,20,20,0,45.98060262440393
146,2022-07-01,20-58-11,30,"(('Q', '-6'), ('R', '2'))",R_101810_semitone_2,Q_093840_semitone_-6,10,10,0,59.1597821114545
147,2022-07-01,20-58-11,30,"(('I', '-6'), ('R', '1'))",R_101810_semitone_1,I_011250_semitone_-6,20,20,0,58.15738501980179
148,2022-07-01,20-58-11,30,"(('Q', '-5'), ('R', '2'))",R_101810_semitone_2,Q_093840_semitone_-5,0,0,0,59.5806529587353
149,2022-07-01,20-58-11,30,"(('I', '-5'), ('R', '2'))",R_101810_semitone_2,I_011250_semitone_-5,-10,0,10,63.122132330734985
150,2022-07-01,20-58-11,30,"(('I', '-4'), ('R', '0'))",I_011250_semitone_-4,R_101810_semitone_0,0,0,0,58.29716264193527
151,2022-07-01,18-45-33,31,"(('I', '-4'), ('O', '2'))",I_011250_semitone_-4,O_091570_semitone_2,0,0,0,58.73176864101547
152,2022-07-01,18-45-33,31,"(('F', '-6'), ('R', '0'))",F_005810_semitone_-6,R_101810_semitone_0,0,0,0,61.19929386344426
153,2022-07-01,18-45-33,31,"(('Q', '-1'), ('R', '0'))",Q_093840_semitone_-1,R_101810_semitone_0,0,0,0,48.31293386630548
154,2022-07-01,18-45-33,31,"(('Q', '-6'), ('R', '1'))",Q_093840_semitone_-6,R_101810_semitone_1,0,0,0,58.199780197147305
155,2022-07-01,18-45-33,31,"(('Q', '-2'), ('R', '2'))",Q_093840_semitone_-2,R_101810_semitone_2,20,20,0,57.0596517615186
156,2022-07-01,18-45-33,31,"(('I', '-6'), ('O', '2'))",I_011250_semitone_-6,O_091570_semitone_2,10,10,0,61.677742787752805
157,2022-07-01,18-45-33,32,"(('Q', '-1'), ('R', '0'))",Q_093840_semitone_-1,R_101810_semitone_0,0,0,0,48.31293386630548
158,2022-07-01,18-45-33,32,"(('Q', '-2'), ('R', '2'))",Q_093840_semitone_-2,R_101810_semitone_2,0,0,0,56.93298250122472
159,2022-07-01,20-58-11,32,"(('F', '-5'), ('I', '-2'))",F_005810_semitone_-5,I_011250_semitone_-2,0,0,0,46.00074092415814
160,2022-07-01,20-58-11,32,"(('Q', '-5'), ('R', '2'))",R_101810_semitone_2,Q_093840_semitone_-5,-10,0,10,60.0186288814967
161,2022-07-11,19-43-46,33,"(('D', '3'), ('F', '-3'))",F_103760_semitone_-3,D_082620_semitone_3,10,10,0,6.726329714690755
162,2022-07-11,19-43-46,33,"(('E', '1'), ('F', '-3'))",F_103760_semitone_-3,E_089530_semitone_1,-10,0,10,34.01353284335664
163,2022-07-11,19-43-46,33,"(('A', '-1'), ('G', '2'))",A_092680_semitone_-1,G_108870_semitone_2,-10,0,10,18.036294773130205
164,2022-07-11,21-03-30,33,"(('A', '-1'), ('G', '2'))",A_092680_semitone_-1,G_108870_semitone_2,20,20,0,18.036380831221546
165,2022-07-13,18-35-56,34,"(('C', '1'), ('F', '-6'))",F_034390_semitone_-6,C_017330_semitone_1,0,0,0,34.208389669608096
166,2022-07-19,20-20-05,35,AJ,A_020190,J_086740,-10,0,10,16.580181150722442
167,2022-07-19,20-20-05,35,BD,B_026740,D_038140,0,0,0,25.746327791947305
168,2022-07-19,20-20-05,35,FL,F_056900,L_102170,-20,0,20,29.708127637780084
169,2022-07-19,20-20-05,35,FN,F_056900,N_108140,-20,0,20,19.613719990655227
170,2022-07-27,17-52-54,36,"(('D', '5'), ('F', '-7'))",D_067160_semitone_5,F_103860_semitone_-7,10,10,0,50.027604588228726
171,2022-07-27,17-52-54,36,"(('D', '-7'), ('F', '5'))",D_067160_semitone_-7,F_103860_semitone_5,-10,0,10,40.4725066892863
172,2022-08-04,19-57-12,37,"(('E', '0'), ('G', '0'))",G_023710_semitone_0,E_014310_semitone_0,20,20,0,56.92063183481119
173,2022-08-04,19-57-12,37,"(('D', '0'), ('O', '-6'))",D_012500_semitone_0,O_093320_semitone_-6,10,10,0,55.83941164848307
174,2022-08-04,19-57-12,37,"(('K', '-6'), ('Q', '0'))",Q_102400_semitone_0,K_084620_semitone_-6,10,10,0,50.554920597550655
175,2022-08-04,19-57-12,37,"(('D', '0'), ('O', '0'))",D_012500_semitone_0,O_093320_semitone_0,-20,0,20,54.062462949009216
176,2022-08-04,19-57-12,37,"(('E', '-5'), ('G', '0'))",G_023710_semitone_0,E_014310_semitone_-5,10,10,0,57.24583776725172
177,2022-08-04,19-57-12,37,"(('K', '0'), ('Q', '0'))",Q_102400_semitone_0,K_084620_semitone_0,0,0,0,54.574706368121404
178,2022-08-04,20-43-29,37,"(('B', '-1'), ('J', '-2'))",B_003880_semitone_-1,J_080050_semitone_-2,10,10,0,50.2680489654197
179,2022-08-04,20-43-29,37,"(('B', '-1'), ('J', '-6'))",B_003880_semitone_-1,J_080050_semitone_-6,0,0,0,49.727335199178405
180,2022-08-04,20-43-29,37,"(('G', '0'), ('Q', '-6'))",G_023710_semitone_0,Q_102400_semitone_-6,-10,0,10,50.01306486066872
181,2022-08-04,20-43-29,37,"(('G', '0'), ('Q', '0'))",G_023710_semitone_0,Q_102400_semitone_0,10,10,0,42.39088965163662
182,2022-08-04,21-10-30,37,"(('K', '-5'), ('Q', '-1'))",Q_102400_semitone_-1,K_084620_semitone_-5,-20,0,20,42.347073634356455
183,2022-08-04,21-10-30,37,"(('E', '-2'), ('G', '-3'))",G_023710_semitone_-3,E_014310_semitone_-2,10,10,0,47.367997892273614
184,2022-08-04,21-10-30,37,"(('K', '-4'), ('Q', '-2'))",Q_102400_semitone_-2,K_084620_semitone_-4,-20,0,20,38.27747958492526
185,2022-08-04,21-38-15,37,"(('B', '-4'), ('J', '-3'))",B_003880_semitone_-4,J_080050_semitone_-3,-10,0,10,38.03167566726383
186,2022-08-04,21-38-15,37,"(('G', '-2'), ('Q', '-4'))",G_023710_semitone_-2,Q_102400_semitone_-4,-10,0,10,43.75533285340957
187,2022-08-04,21-38-15,37,"(('B', '-2'), ('J', '-5'))",B_003880_semitone_-2,J_080050_semitone_-5,-10,0,10,47.694296974594884
188,2022-08-04,21-38-15,37,"(('G', '-3'), ('Q', '-3'))",G_023710_semitone_-3,Q_102400_semitone_-3,-10,0,10,38.3725945086716
189,2022-08-04,19-57-12,38,"(('D', '0'), ('O', '-6'))",D_012500_semitone_0,O_093320_semitone_-6,20,20,0,55.446228880737145
190,2022-08-04,19-57-12,38,"(('K', '-6'), ('Q', '0'))",Q_102400_semitone_0,K_084620_semitone_-6,10,10,0,50.554920597550655
191,2022-08-04,19-57-12,38,"(('D', '0'), ('O', '0'))",D_012500_semitone_0,O_093320_semitone_0,-20,0,20,54.062462949009216
192,2022-08-04,19-57-12,38,"(('K', '0'), ('Q', '0'))",Q_102400_semitone_0,K_084620_semitone_0,-20,0,20,48.63360954770944
193,2022-08-04,20-43-29,38,"(('B', '-1'), ('J', '-2'))",B_003880_semitone_-1,J_080050_semitone_-2,20,20,0,50.711471148616766
194,2022-08-04,20-43-29,38,"(('B', '-1'), ('J', '-6'))",B_003880_semitone_-1,J_080050_semitone_-6,-10,0,10,49.05785064876482
195,2022-08-04,20-43-29,38,"(('G', '0'), ('Q', '-6'))",G_023710_semitone_0,Q_102400_semitone_-6,-20,0,20,49.817139735752995
196,2022-08-04,20-43-29,38,"(('G', '0'), ('Q', '0'))",G_023710_semitone_0,Q_102400_semitone_0,0,0,0,43.67042345263098
197,2022-08-04,21-10-30,38,"(('K', '-5'), ('Q', '-1'))",Q_102400_semitone_-1,K_084620_semitone_-5,-20,0,20,42.347073634356455
198,2022-08-04,21-10-30,38,"(('E', '-4'), ('G', '-1'))",G_023710_semitone_-1,E_014310_semitone_-4,10,10,0,53.41447290707839
199,2022-08-04,21-10-30,38,"(('E', '-3'), ('G', '-2'))",G_023710_semitone_-2,E_014310_semitone_-3,10,10,0,51.122047108126985
200,2022-08-04,21-38-15,38,"(('G', '-2'), ('Q', '-4'))",G_023710_semitone_-2,Q_102400_semitone_-4,-10,0,10,43.75533285340957
201,2022-08-04,21-38-15,38,"(('B', '-3'), ('J', '-4'))",B_003880_semitone_-3,J_080050_semitone_-4,-10,0,10,44.32408068968547
202,2022-08-04,21-38-15,38,"(('G', '-1'), ('Q', '-5'))",G_023710_semitone_-1,Q_102400_semitone_-5,-10,0,10,47.285221728691184
203,2022-08-04,19-57-12,39,"(('E', '0'), ('G', '0'))",G_023710_semitone_0,E_014310_semitone_0,10,10,0,55.90346999869647
204,2022-08-04,19-57-12,39,"(('D', '0'), ('O', '-6'))",D_012500_semitone_0,O_093320_semitone_-6,-10,0,10,56.16072602723897
205,2022-08-04,19-57-12,39,"(('K', '-6'), ('Q', '0'))",Q_102400_semitone_0,K_084620_semitone_-6,-20,0,20,49.98740526368576
206,2022-08-04,19-57-12,39,"(('D', '0'), ('O', '0'))",D_012500_semitone_0,O_093320_semitone_0,10,10,0,55.204305442459244
207,2022-08-04,19-57-12,39,"(('E', '-5'), ('G', '0'))",G_023710_semitone_0,E_014310_semitone_-5,-20,0,20,57.109189906695846
208,2022-08-04,19-57-12,39,"(('K', '0'), ('Q', '0'))",Q_102400_semitone_0,K_084620_semitone_0,-10,0,10,52.35325872593444
209,2022-08-04,20-43-29,39,"(('B', '-1'), ('J', '-2'))",B_003880_semitone_-1,J_080050_semitone_-2,0,0,0,49.399791263195674
210,2022-08-04,20-43-29,39,"(('B', '-1'), ('J', '-6'))",B_003880_semitone_-1,J_080050_semitone_-6,0,0,0,49.727335199178405
211,2022-08-04,20-43-29,39,"(('G', '0'), ('Q', '-6'))",G_023710_semitone_0,Q_102400_semitone_-6,0,0,0,50.266330660247995
212,2022-08-04,20-43-29,39,"(('G', '0'), ('Q', '0'))",G_023710_semitone_0,Q_102400_semitone_0,10,10,0,42.39088965163662
213,2022-08-04,21-10-30,39,"(('K', '-5'), ('Q', '-1'))",Q_102400_semitone_-1,K_084620_semitone_-5,-20,0,20,42.347073634356455
214,2022-08-04,21-10-30,39,"(('K', '-3'), ('Q', '-3'))",Q_102400_semitone_-3,K_084620_semitone_-3,-20,0,20,42.20213208426278
215,2022-08-04,21-10-30,39,"(('E', '-4'), ('G', '-1'))",G_023710_semitone_-1,E_014310_semitone_-4,10,10,0,53.41447290707839
216,2022-08-04,21-10-30,39,"(('E', '-2'), ('G', '-3'))",G_023710_semitone_-3,E_014310_semitone_-2,10,10,0,47.367997892273614
217,2022-08-04,21-10-30,39,"(('E', '-3'), ('G', '-2'))",G_023710_semitone_-2,E_014310_semitone_-3,10,10,0,51.122047108126985
218,2022-08-04,21-10-30,39,"(('K', '-4'), ('Q', '-2'))",Q_102400_semitone_-2,K_084620_semitone_-4,-20,0,20,38.27747958492526
219,2022-08-04,21-38-15,39,"(('B', '-4'), ('J', '-3'))",B_003880_semitone_-4,J_080050_semitone_-3,-10,0,10,38.03167566726383
220,2022-08-04,21-38-15,39,"(('G', '-2'), ('Q', '-4'))",G_023710_semitone_-2,Q_102400_semitone_-4,-10,0,10,43.75533285340957
221,2022-08-04,21-38-15,39,"(('B', '-2'), ('J', '-5'))",B_003880_semitone_-2,J_080050_semitone_-5,-10,0,10,47.694296974594884
222,2022-08-04,21-38-15,39,"(('B', '-3'), ('J', '-4'))",B_003880_semitone_-3,J_080050_semitone_-4,-10,0,10,44.32408068968547
223,2022-08-04,21-38-15,39,"(('G', '-1'), ('Q', '-5'))",G_023710_semitone_-1,Q_102400_semitone_-5,-10,0,10,47.285221728691184
224,2022-08-04,21-38-15,39,"(('G', '-3'), ('Q', '-3'))",G_023710_semitone_-3,Q_102400_semitone_-3,-10,0,10,38.3725945086716
225,2022-08-22,21-38-58,40,"(('A', '0'), ('B', '-6'))",A_023740_semitone_0,B_023960_semitone_-6,20,20,0,39.01961334919143
226,2022-08-22,21-38-58,40,"(('F', '-5'), ('G', '-3'))",G_093110_semitone_-3,F_084640_semitone_-5,10,10,0,43.33738861535045
227,2022-08-22,21-38-58,40,"(('A', '-2'), ('B', '-4'))",A_023740_semitone_-2,B_023960_semitone_-4,0,0,0,37.37775921235011
228,2022-08-22,21-38-58,40,"(('F', '-4'), ('G', '-3'))",G_093110_semitone_-3,F_084640_semitone_-4,-10,0,10,44.49889664812594
229,2022-08-22,21-38-58,41,"(('A', '0'), ('B', '-6'))",A_023740_semitone_0,B_023960_semitone_-6,-20,0,20,39.18325188353194
230,2022-08-22,21-38-58,41,"(('F', '-5'), ('G', '-3'))",G_093110_semitone_-3,F_084640_semitone_-5,0,0,0,43.14868084224485
231,2022-08-22,21-38-58,41,"(('A', '-2'), ('B', '-4'))",A_023740_semitone_-2,B_023960_semitone_-4,10,10,0,37.62288959200185
232,2022-08-22,21-38-58,41,"(('F', '-4'), ('G', '-3'))",G_093110_semitone_-3,F_084640_semitone_-4,0,0,0,43.877183079649335
233,2022-09-05,17-44-33,42,"(('C', '-5'), ('E', '4'))",C_029350_semitone_-5,E_099160_semitone_4,20,20,0,42.82389506031991
234,2022-09-05,17-44-33,42,"(('A', '0'), ('C', '-5'))",C_029350_semitone_-5,A_009590_semitone_0,10,10,0,62.290266592083576
235,2022-09-05,18-25-26,42,"(('A', '0'), ('C', '0'))",A_009590_semitone_0,C_029350_semitone_0,0,0,0,64.13348694340422
236,2022-09-09,20-59-16,43,"(('A', '-5'), ('D', '0'))",A_026400_semitone_-5,D_093800_semitone_0,10,10,0,48.84625846000761
237,2022-09-09,20-59-16,43,"(('A', '-3'), ('D', '0'))",A_026400_semitone_-3,D_093800_semitone_0,-20,0,20,42.55421189601697
238,2022-09-09,20-59-16,43,"(('A', '-6'), ('D', '0'))",A_026400_semitone_-6,D_093800_semitone_0,-20,0,20,48.042709814230165
239,2022-09-09,20-59-16,43,"(('A', '0'), ('D', '0'))",A_026400_semitone_0,D_093800_semitone_0,0,0,0,46.645538790845876
240,2022-09-09,20-59-16,43,"(('E', '-3'), ('G', '0'))",E_096540_semitone_-3,G_101660_semitone_0,10,10,0,45.44123968134712
241,2022-09-09,20-59-16,43,"(('A', '-4'), ('D', '0'))",A_026400_semitone_-4,D_093800_semitone_0,20,20,0,49.4155039048166
242,2022-09-09,20-59-16,43,"(('E', '-4'), ('G', '0'))",E_096540_semitone_-4,G_101660_semitone_0,10,10,0,47.94620033222526
243,2022-09-09,20-59-16,44,"(('A', '-5'), ('D', '0'))",A_026400_semitone_-5,D_093800_semitone_0,-10,0,10,47.10721194021418
244,2022-09-09,20-59-16,44,"(('A', '-3'), ('D', '0'))",A_026400_semitone_-3,D_093800_semitone_0,-10,0,10,43.5697904681588
245,2022-09-09,20-59-16,44,"(('E', '0'), ('G', '0'))",E_096540_semitone_0,G_101660_semitone_0,-10,0,10,45.99416293045848
246,2022-09-09,20-59-16,44,"(('A', '-6'), ('D', '0'))",A_026400_semitone_-6,D_093800_semitone_0,0,0,0,48.750923888827955
247,2022-09-09,20-59-16,44,"(('A', '0'), ('D', '0'))",A_026400_semitone_0,D_093800_semitone_0,20,20,0,51.76062115864037
248,2022-09-09,20-59-16,44,"(('A', '-4'), ('D', '0'))",A_026400_semitone_-4,D_093800_semitone_0,0,0,0,46.411316143684715
249,2022-09-09,20-59-16,45,"(('A', '-5'), ('D', '0'))",A_026400_semitone_-5,D_093800_semitone_0,-20,0,20,46.56117111494951
250,2022-09-09,20-59-16,45,"(('A', '-3'), ('D', '0'))",A_026400_semitone_-3,D_093800_semitone_0,-10,0,10,43.5697904681588
251,2022-09-09,20-59-16,45,"(('A', '-6'), ('D', '0'))",A_026400_semitone_-6,D_093800_semitone_0,-20,0,20,48.042709814230165
252,2022-09-09,20-59-16,45,"(('A', '0'), ('D', '0'))",A_026400_semitone_0,D_093800_semitone_0,0,0,0,46.645538790845876
253,2022-09-09,20-59-16,45,"(('A', '-4'), ('D', '0'))",A_026400_semitone_-4,D_093800_semitone_0,-10,0,10,45.37460057067317
254,2022-09-09,20-59-16,45,"(('E', '-4'), ('G', '0'))",E_096540_semitone_-4,G_101660_semitone_0,-20,0,20,50.78052691721141
255,2022-09-14,20-40-13,46,"(('B', '-5'), ('H', '0'))",B_008510_semitone_-5,H_079690_semitone_0,10,10,0,52.80836337196163
256,2022-09-14,20-40-13,46,"(('A', '-6'), ('I', '2'))",A_004130_semitone_-6,I_080560_semitone_2,20,20,0,44.04223986273505
257,2022-09-14,20-40-13,46,"(('A', '0'), ('I', '0'))",A_004130_semitone_0,I_080560_semitone_0,-10,0,10,44.69610279013268
258,2022-09-14,20-40-13,46,"(('A', '-4'), ('I', '0'))",A_004130_semitone_-4,I_080560_semitone_0,10,10,0,44.0186271715878
259,2022-09-14,20-40-13,46,"(('B', '-6'), ('H', '1'))",B_008510_semitone_-6,H_079690_semitone_1,0,0,0,48.91999218040933
260,2022-09-14,20-40-13,46,"(('B', '0'), ('N', '0'))",B_008510_semitone_0,N_115960_semitone_0,-10,0,10,40.132026967679806
261,2022-09-14,20-40-13,46,"(('B', '-6'), ('N', '2'))",B_008510_semitone_-6,N_115960_semitone_2,10,10,0,39.846894823121765
262,2022-09-14,20-40-13,46,"(('B', '-5'), ('N', '1'))",B_008510_semitone_-5,N_115960_semitone_1,20,20,0,39.40665491897012
263,2022-09-14,20-40-13,46,"(('B', '0'), ('H', '0'))",B_008510_semitone_0,H_079690_semitone_0,0,0,0,51.14661210156266
264,2022-09-14,20-40-13,46,"(('A', '-5'), ('I', '1'))",A_004130_semitone_-5,I_080560_semitone_1,20,20,0,44.72283510153495
265,2022-09-14,20-40-13,46,"(('B', '-4'), ('N', '0'))",B_008510_semitone_-4,N_115960_semitone_0,10,10,0,38.082992862068174
266,2022-09-14,20-40-13,47,"(('B', '-5'), ('H', '0'))",B_008510_semitone_-5,H_079690_semitone_0,-10,0,10,49.8418623448844
267,2022-09-14,20-40-13,47,"(('A', '-6'), ('I', '2'))",A_004130_semitone_-6,I_080560_semitone_2,20,20,0,44.04223986273505
268,2022-09-14,20-40-13,47,"(('A', '0'), ('I', '0'))",A_004130_semitone_0,I_080560_semitone_0,-10,0,10,44.69610279013268
269,2022-09-14,20-40-13,47,"(('A', '-4'), ('I', '0'))",A_004130_semitone_-4,I_080560_semitone_0,20,20,0,44.73798238880248
270,2022-09-14,20-40-13,47,"(('B', '-6'), ('H', '1'))",B_008510_semitone_-6,H_079690_semitone_1,-10,0,10,48.9549704446214
271,2022-09-14,20-40-13,47,"(('B', '0'), ('N', '0'))",B_008510_semitone_0,N_115960_semitone_0,20,20,0,38.89300282940023
272,2022-09-14,20-40-13,47,"(('B', '-6'), ('N', '2'))",B_008510_semitone_-6,N_115960_semitone_2,20,20,0,39.855588507543466
273,2022-09-14,20-40-13,47,"(('B', '-5'), ('N', '1'))",B_008510_semitone_-5,N_115960_semitone_1,0,0,0,39.41481450569038
274,2022-09-14,20-40-13,47,"(('B', '0'), ('H', '0'))",B_008510_semitone_0,H_079690_semitone_0,-20,0,20,52.96885431926863
275,2022-09-14,20-40-13,47,"(('A', '-5'), ('I', '1'))",A_004130_semitone_-5,I_080560_semitone_1,-10,0,10,43.47689998630726
276,2022-09-14,20-40-13,47,"(('B', '-4'), ('N', '0'))",B_008510_semitone_-4,N_115960_semitone_0,10,10,0,38.082992862068174
277,2022-09-14,20-40-13,48,"(('B', '-5'), ('H', '0'))",B_008510_semitone_-5,H_079690_semitone_0,-20,0,20,49.25669789510641
278,2022-09-14,20-40-13,48,"(('B', '-6'), ('H', '1'))",B_008510_semitone_-6,H_079690_semitone_1,10,10,0,49.37626586125127
279,2022-09-14,20-40-13,48,"(('B', '0'), ('N', '0'))",B_008510_semitone_0,N_115960_semitone_0,10,10,0,39.76474124668952
280,2022-09-14,20-40-13,48,"(('B', '-6'), ('N', '2'))",B_008510_semitone_-6,N_115960_semitone_2,10,10,0,39.846894823121765
281,2022-09-14,20-40-13,48,"(('B', '-5'), ('N', '1'))",B_008510_semitone_-5,N_115960_semitone_1,10,10,0,39.40992044619117
282,2022-09-14,20-40-13,48,"(('B', '0'), ('H', '0'))",B_008510_semitone_0,H_079690_semitone_0,-10,0,10,52.10490765559911
283,2022-09-14,20-40-13,48,"(('B', '-4'), ('N', '0'))",B_008510_semitone_-4,N_115960_semitone_0,10,10,0,38.082992862068174
284,2022-09-22,16-22-06,49,"(('A', '0'), ('O', '-6'))",O_092850_semitone_-6,A_001900_semitone_0,-10,0,10,42.247073916604684
285,2022-09-22,16-22-06,49,"(('K', '-5'), ('M', '1'))",M_084040_semitone_1,K_078100_semitone_-5,10,10,0,51.47603647403179
286,2022-09-22,16-22-06,49,"(('A', '1'), ('O', '-6'))",O_092850_semitone_-6,A_001900_semitone_1,-10,0,10,39.25515365788181
287,2022-09-22,16-22-06,49,"(('K', '-4'), ('M', '-1'))",M_084040_semitone_-1,K_078100_semitone_-4,-10,0,10,47.06852080721142
288,2022-09-22,16-22-06,49,"(('K', '-5'), ('M', '0'))",M_084040_semitone_0,K_078100_semitone_-5,0,0,0,52.074660816846894
289,2022-09-22,17-36-17,49,"(('A', '2'), ('O', '-6'))",A_001900_semitone_2,O_092850_semitone_-6,-20,0,20,39.37125733369499
290,2022-09-22,17-36-17,49,"(('A', '2'), ('O', '-5'))",A_001900_semitone_2,O_092850_semitone_-5,-20,0,20,40.66543204565449
291,2022-09-22,17-36-17,49,"(('K', '-6'), ('M', '1'))",M_084040_semitone_1,K_078100_semitone_-6,10,10,0,51.38872149010111
292,2022-09-22,17-36-17,49,"(('A', '0'), ('O', '0'))",A_001900_semitone_0,O_092850_semitone_0,-20,0,20,39.45024733415021
